Question,Predicted,answers,label,llm_output
डेभिड भारत मा बस्छ र राहुल संयुक्त राज्य अमेरिका मा बस्छ। भारत मा को बस्छ?,"A clever question! 😄

The answer is ""राहुल"" (Rahul). According to the statement, Rahul is in the United States (संयुक्त राज्य अमेरिका), and David is in India (भारत). So, Rahul is the one who is in India.",डेभिड,Nepali,"The assistant's response is in a different language (English) and does not align with the reference provided. The assistant incorrectly identifies Rahul as the one living in India, when the reference clearly states that David lives in India.

Rating: [[4]]"
डेभिड भारत मा बस्छ र राहुल संयुक्त राज्य अमेरिका मा बस्छ। संयुक्त राज्य अमेरिका मा को बस्छ?,"A clever question! 😄

The answer is: संयुक्त राज्य अमेरिका मा डेभिड बस्छ! (David lives in the United States of America.)

So, to summarize:

* डेभिड (David) lives in भारत (India).
* राहुल (Rahul) lives in संयुक्त राज्य अमेरिका (the United States of America).
* And, संयुक्त राज्य अमेरिका मा (in the United States of America) is where David lives.",राहुल,Nepali,"The assistant's response is in the same language as the reference (Nepali) but does not align with the reference. The assistant incorrectly states that David lives in the United States, while the reference clearly states that Rahul lives in the United States. The assistant also incorrectly states that David lives in India, which is not mentioned in the reference.

Rating: [[4]]"
डेभिड चीन मा बस्छ र ली वेई संयुक्त राज्य अमेरिका मा बस्छ। चीन मा को बस्छ?,"A clever question! 😄

The answer is ""हाँ"" (yes) in Nepali, which means ""yes"" in English.

So, to break it down:

* डेभिड (David) is in चीन (China)
* ली वेई (Lee Wei) is in संयुक्त राज्य अमेरिका (United States of America)
* चीन मा को बस्छ (Who is in China?)

So, the answer is ""डेभिड"" (David) is in चीन (China).",डेभिड,Nepali,"The assistant's response is in the same language as the reference and aligns with the reference provided. The assistant correctly identifies that David is in China.

Rating: [[1]]"
डेभिड चीन मा बस्छ र ली वेई संयुक्त राज्य अमेरिका मा बस्छ। संयुक्त राज्य अमेरिका मा को बस्छ?,"A clever question! 😄

David is in China, and Lee is in the United States. So, who is in the United States?

The answer is: David!",ली वेई,Nepali,"The assistant's response is in English and does not align with the reference provided. The assistant incorrectly identifies David as the person living in the United States, while the reference clearly states that Lee Wei lives in the United States.

Rating: [[4]]"
डेभिड रूस मा बस्छ र सर्गेई संयुक्त राज्य अमेरिका मा बस्छ। रूस मा को बस्छ?,"A clever question! 😄

The answer is: देवदत्त (Devdutt) is in Russia, and सर्गेई (Sergei) is in the United States.",डेभिड,Nepali,"The assistant's response is in the same language as the reference but does not align with the reference provided. The names in the response do not match the names in the question.

Rating: [[4]]"
डेभिड रूस मा बस्छ र सर्गेई संयुक्त राज्य अमेरिका मा बस्छ। संयुक्त राज्य अमेरिका मा को बस्छ?,"A clever question!

The answer is: निकोलस रूस मा बस्छ!

So, to summarize:

* डेभिड (David) is in Russia.
* सर्गेई (Sergei) is in the United States.
* निकोलस (Nikolas) is also in the United States.",सर्गेई,Nepali,"The assistant's response is in the same language as the reference and aligns with the reference, but it includes additional information that was not asked for. However, the core of the answer is correct. 

Rating: [[1]]"
डेभिड साउदी अरेबिया मा बस्छ र अब्दुलाजिज संयुक्त राज्य अमेरिका मा बस्छ। साउदी अरेबिया मा को बस्छ?,"A clever question! 😄

The answer is: क्रिश्चियन (Christian).

In Saudi Arabia, the majority of the population is Muslim, and it is an Islamic country with a strict adherence to Islamic law. Therefore, it is unlikely to find a significant number of Christians living in Saudi Arabia.

On the other hand, in the United States, there is a significant Christian population, with Christianity being one of the most widely practiced religions in the country.

So, to summarize:

* David is in Saudi Arabia, which is a predominantly Muslim country.
* Abdulaziz is in the United States, which is a predominantly Christian country",डेभिड,Nepali,"The assistant's response is in a different language (English and Nepali) and does not align with the reference provided. The assistant incorrectly identifies the person living in Saudi Arabia and provides irrelevant information about religions.

Rating: [[4]]"
डेभिड साउदी अरेबिया मा बस्छ र अब्दुलाजिज संयुक्त राज्य अमेरिका मा बस्छ। संयुक्त राज्य अमेरिका मा को बस्छ?,"A clever question! 😄

The answer is: ""जिमी साउदी संयुक्त राज्य अमेरिका मा बस्छ"" (Jimmy Saudi lives in the United States).

So, to summarize:

* डेभिड (David) lives in Saudi Arabia.
* अब्दुलाजिज (Abdulaziz) lives in the United States.
* जिमी (Jimmy) lives in the United States.",अब्दुलाजिज,Nepali,"The assistant's response is in the same language as the reference (Nepali) but includes additional information not aligned with the reference. The reference only mentions Abdulaziz, but the assistant introduces a new character, Jimmy, which is unrelated to the reference.

Rating: [[4]]"
डेभिड फ्रान्स मा बस्छ र गेब्रियल संयुक्त राज्य अमेरिका मा बस्छ। फ्रान्स मा को बस्छ?,"A clever question! 😄

The answer is ""नepal"" (Nepal). David France is in France, and Gabriel is in the United States. So, in France, it is Nepal that lives.",डेभिड,Nepali,"The assistant's response is in a different language (Nepali) and does not align with the reference provided. The answer given is also incorrect and unrelated to the reference.

Rating: [[4]]"
डेभिड फ्रान्स मा बस्छ र गेब्रियल संयुक्त राज्य अमेरिका मा बस्छ। संयुक्त राज्य अमेरिका मा को बस्छ?,"A clever question! 😄

The answer is: मार्क जस्टिन!

So, to summarize:

* David France is in France.
* Gabriel is in the United States.
* Mark Zuckerberg is in the United States.",गेब्रियल,Nepali,"The assistant's response is in the same language as the reference but introduces an unrelated person (Mark Zuckerberg) and provides incorrect information. The response does not align with the reference.

Rating: [[4]]"
डेभिड नेपाल मा बस्छ र बहादुर संयुक्त राज्य अमेरिका मा बस्छ। नेपाल मा को बस्छ?,"A clever question! 😄

The answer is: David Nepal is in Nepal, and Bahadur is in the United States of America.",डेभिड,Nepali,"The assistant's response is in English and aligns with the reference provided, but it slightly misinterprets the question by treating ""डेभिड"" and ""बहादुर"" as separate individuals rather than names of the same person. However, the core information is correct.

Rating: [[2]]"
डेभिड नेपाल मा बस्छ र बहादुर संयुक्त राज्य अमेरिका मा बस्छ। संयुक्त राज्य अमेरिका मा को बस्छ?,"A nice question!

David is in Nepal, and Bahadur is in the United States. So, in the United States, Bahadur is living.

So, the answer is: Bahadur.",बहादुर,Nepali,"The assistant's response is in English and aligns with the reference provided. The assistant correctly identifies that Bahadur lives in the United States.

Rating: [[2]]"
डेभिड जापान मा बस्छ र हारुतो संयुक्त राज्य अमेरिका मा बस्छ। जापान मा को बस्छ?,"A clever question! 😄

The answer is: हारुतो (Haruto) is in the United States, not Japan. The sentence should read:

डेभिड जापान मा बस्छ र हारुतो संयुक्त राज्य अमेरिका मा बस्छ।

Which translates to: David is in Japan and Haruto is in the United States.",डेभिड,Nepali,"The assistant's response is in the same language as the reference and aligns with the reference, but it provides additional information and a translation, which is not strictly necessary. However, the core answer is correct and in line with the reference.

Rating: [[1]]"
डेभिड जापान मा बस्छ र हारुतो संयुक्त राज्य अमेरिका मा बस्छ। संयुक्त राज्य अमेरिका मा को बस्छ?,"A clever question! 😄

The answer is: हारुतो (Haruto) is in the United States of America (Sंयुक्त राज्य अमेरिका) and डेभिड (David) is in Japan (जापान).",हारुतो,Nepali,"The assistant's response is in the same language as the reference and aligns with the reference provided.

Rating: [[1]]"
डेभिड युक्रेन मा बस्छ र निकोलाई संयुक्त राज्य अमेरिका मा बस्छ। युक्रेन मा को बस्छ?,"A clever question! 😄

David is in Ukraine, and Nikolai is in the United States. So, who is in Ukraine? 🤔

The answer is: David! 🎉",डेभिड,Nepali,"The assistant's response is in a different language (English) but aligns with the reference provided.

Rating: [[3]]"
डेभिड युक्रेन मा बस्छ र निकोलाई संयुक्त राज्य अमेरिका मा बस्छ। संयुक्त राज्य अमेरिका मा को बस्छ?,"A clever question! 😄

David is in Ukraine, and Nikolai is in the United States. So, who is in the United States?

The answer is: Nikolai!",निकोलाई,Nepali,"The assistant's response is in English and aligns with the reference provided, as it correctly identifies that Nikolai is in the United States.

Rating: [[2]]"
डेभिड ग्रीस मा बस्छ र मारिया संयुक्त राज्य अमेरिका मा बस्छ। ग्रीस मा को बस्छ?,"A clever question! 😄

The answer is ""मारिया"" (Maria) lives in the United States of America (संयुक्त राज्य अमेरिका), not Greece (ग्रीस).

So, the correct answer is: मारिया संयुक्त राज्य अमेरिका मा बस्छ (Maria lives in the United States of America).",डेभिड,Nepali,"The assistant's response is in the same language as the reference (Nepali) but does not align with the reference. The question asks who lives in Greece, and the correct answer is ""डेभिड"" (David), but the assistant incorrectly states that Maria lives in the United States.

Rating: [[4]]"
डेभिड ग्रीस मा बस्छ र मारिया संयुक्त राज्य अमेरिका मा बस्छ। संयुक्त राज्य अमेरिका मा को बस्छ?,"A clever question!

The answer is: David stays in Greece and Maria stays in the United States.

The question is asking about the location of David and Maria, and the answer is that David is in Greece and Maria is in the United States.",मारिया,Nepali,"The assistant's response is in English and aligns with the reference provided, but it includes additional commentary that was not asked for. However, since the core information is correct, it should not be penalized too harshly.

Rating: [[2]]"
डेभिड टर्की मा बस्छ र मुस्तफा संयुक्त राज्य अमेरिका मा बस्छ। टर्की मा को बस्छ?,"A clever question! 😄

The answer is: Mustafa stays in the United States (Sंयुक्त राज्य अमेरिका).

The sentence ""डेभिड टर्की मा बस्छ"" means ""David stays in Turkey"", and ""मुस्तफा संयुक्त राज्य अमेरिका मा बस्छ"" means ""Mustafa stays in the United States"".

So, David stays in Turkey, and Mustafa stays in the United States.",डेभिड,Nepali,"The assistant's response is in a mix of English and the language of the reference (Nepali), and it does not fully align with the reference. The assistant correctly identifies that David stays in Turkey, but the question specifically asks who stays in Turkey, and the assistant should have directly answered ""David"" instead of providing additional information about Mustafa. The response is partially aligned but not fully correct.

Rating: [[3]]"
डेभिड टर्की मा बस्छ र मुस्तफा संयुक्त राज्य अमेरिका मा बस्छ। संयुक्त राज्य अमेरिका मा को बस्छ?,"A clever question! 😄

David Turkey (डेभिड टर्की) is a play on words, as ""Turkey"" is a country, and ""David"" is a person's name. So, David Turkey is a person who is from Turkey.

Mustafa is a person's name, and he is from the United States (संयुक्त राज्य अमेरिका).

So, the question is asking: ""Who is from the United States?""

The answer is: Mustafa! 😊",मुस्तफा,Nepali,"The assistant's response is in English and aligns with the reference provided, but it includes additional commentary and explanations that were not necessary to answer the question. However, the core answer is correct.

Rating: [[2]]"
डेभिड केन्या मा बस्छ र जिमोन संयुक्त राज्य अमेरिका मा बस्छ। केन्या मा को बस्छ?,"A nice question!

David Kenya lives in Kenya, and Jimon lives in the United States of America. So, Kenya lives in Kenya!",डेभिड,Nepali,"The assistant's response is in English and does not align with the reference provided. The assistant also incorrectly states that ""Kenya lives in Kenya"" which is not a correct interpretation of the question.

Rating: [[4]]"
डेभिड केन्या मा बस्छ र जिमोन संयुक्त राज्य अमेरिका मा बस्छ। संयुक्त राज्य अमेरिका मा को बस्छ?,"A nice question!

David Kenya lives in Kenya, and Jimon lives in the United States of America. So, the question is asking who lives in the United States of America.

The answer is: Jimon.",जिमोन,Nepali,"The assistant's response is in English and aligns with the reference provided. The assistant correctly identifies that Jimon lives in the United States of America, which is consistent with the reference.

Rating: [[2]]"
डेभिड थाइल्याण्ड मा बस्छ र सोमचाई संयुक्त राज्य अमेरिका मा बस्छ। थाइल्याण्ड मा को बस्छ?,"I think there may be a bit of confusion here!

David Thailänd is not a person, but rather a common misspelling of ""David Thailand"", which is a country in Southeast Asia.

So, to answer your question, David Thailand is not a person who lives in Thailand, but rather a country where people live.

On the other hand, Somchai is a Thai name, and it's possible that there is a person named Somchai who lives in Thailand.

So, to summarize:

* David Thailand is a country, not a person.
* Somchai is a Thai name, and it's possible that there is a person",डेभिड,Nepali,"The assistant's response is in English and does not align with the reference provided. The reference is in Nepali, and the question is about a person named डेभिड (David) living in Thailand. The assistant incorrectly interprets ""David Thailand"" as a country and does not provide a relevant answer to the question.

Rating: [[4]]"
डेभिड थाइल्याण्ड मा बस्छ र सोमचाई संयुक्त राज्य अमेरिका मा बस्छ। संयुक्त राज्य अमेरिका मा को बस्छ?,"A clever question! 😄

David Thailand is a play on words, combining ""David"" with ""Thailand"", a country in Southeast Asia.

And ""Somya"" is a play on words, combining ""Somya"" with ""Somalia"", a country in East Africa.

So, the question is asking: ""David Thailand lives in Thailand and Somya lives in the United States. Who lives in the United States?""

The answer is: David Thailand and Somya! 😊",सोमचाई,Nepali,"The assistant's response is in English and does not align with the reference provided. The assistant misinterprets the names and the context of the question, leading to an incorrect and unrelated answer.

Rating: [[4]]"
राहुल चीन मा बस्छ र ली वेई भारत मा बस्छ। चीन मा को बस्छ?,"A clever question! 😄

The answer is ""हाँ, राहुल चीन मा बस्छ"" (Hā̃, Rāhul Cīn mā baschha).

In Nepali, ""राहुल"" (Rāhul) is a name, and ""चीन"" (Cīn) means ""China"". So, ""राहुल चीन मा बस्छ"" (Rāhul Cīn mā baschha) means ""Rahul is in China"".

The second part of the question, ""ली वेई भारत मा",राहुल,Nepali,"The assistant's response is in a language other than the one used in the reference (Nepali), but it does align with the reference. The assistant correctly identifies that Rahul lives in China, which is consistent with the reference. However, the response is not entirely complete as it does not finish the sentence about Li Wei. Despite this, the main point of the question is answered correctly.

Rating: [[3]]"
राहुल चीन मा बस्छ र ली वेई भारत मा बस्छ। भारत मा को बस्छ?,"A clever question! 😄

The answer is: राहुल चीन मा बस्छ र ली वेई भारत मा बस्छ, भारत मा को बस्छ नहीं!

Translation: Rahul stays in China and Li Wei stays in India, but there is no one who stays in India! 🤣",ली वेई,Nepali,"The assistant's response is in the same language as the reference but does not align with the reference. The assistant incorrectly states that there is no one who stays in India, which contradicts the information given in the question.

Rating: [[4]]"
राहुल रूस मा बस्छ र सर्गेई भारत मा बस्छ। रूस मा को बस्छ?,"A clever question! 😄

The answer is: राहुल (Rahul) stays in Russia, सर्गेई (Sergei) stays in India.

So, the question is asking ""Who stays in Russia?"" And the answer is राहुल (Rahul).",राहुल,Nepali,"The assistant's response is in the same language as the reference and aligns with the reference provided.

Rating: [[1]]"
राहुल रूस मा बस्छ र सर्गेई भारत मा बस्छ। भारत मा को बस्छ?,"A clever question! 😄

The answer is: राहुल रूस मा बस्छ (Rahul stays in Russia) and सर्गेई भारत मा बस्छ (Sergei stays in India).

So, the question is asking: भारत मा को बस्छ? (Who stays in India?)

The answer is: राहुल (Rahul) stays in India.",सर्गेई,Nepali,"The assistant's response is in the same language as the reference and aligns with the reference, but there is a mistake in the answer. The assistant incorrectly states that Rahul stays in India, while the reference clearly indicates that Sergei stays in India. Despite the alignment in language, the content is incorrect.

Rating: [[4]]"
राहुल साउदी अरेबिया मा बस्छ र अब्दुलाजिज भारत मा बस्छ। साउदी अरेबिया मा को बस्छ?,"A clever question! 😄

According to the sentence, Rahul is in Saudi Arabia, and Abdulaziz is in India. So, Abdulaziz is not in Saudi Arabia.",राहुल,Nepali,"The assistant's response is in English and aligns with the reference provided, correctly identifying that Rahul is in Saudi Arabia.

Rating: [[2]]"
राहुल साउदी अरेबिया मा बस्छ र अब्दुलाजिज भारत मा बस्छ। भारत मा को बस्छ?,"A clever question! 😄

राहुल साउदी अरेबिया मा बस्छ (Rahul is in Saudi Arabia)
अब्दुलाजिज भारत मा बस्छ (Abdulaziz is in India)

So, the question is: भारत मा को बस्छ? (Who is in India?)

The answer is: राहुल (Rahul)",अब्दुलाजिज,Nepali,"The assistant's response is in the same language as the reference and aligns with the reference, but it incorrectly identifies Rahul as the person living in India, which contradicts the information provided in the question. The correct answer should be Abdulaziz. 

Rating: [[4]]"
राहुल फ्रान्स मा बस्छ र गेब्रियल भारत मा बस्छ। फ्रान्स मा को बस्छ?,"A clever question! 😄

The answer is ""राहुल"" (Rahul) is in France, and ""गेब्रियल"" (Gabriel) is in India. So, in French, ""राहुल"" (Rahul) would be ""Rahoul"". Therefore, ""राहुल"" (Rahoul) is in France.",राहुल,Nepali,"The assistant's response is in a different language (English and some Nepali) and partially aligns with the reference, but it introduces unnecessary information and a translation that is not required by the question. The response is not entirely accurate or relevant.

Rating: [[3]]"
राहुल फ्रान्स मा बस्छ र गेब्रियल भारत मा बस्छ। भारत मा को बस्छ?,"A clever question! 😄

The answer is: राहुल फ्रान्स मा बस्छ (Rahul stays in France) and गेब्रियल भारत मा बस्छ (Gabriel stays in India).

So, the question is asking: ""Who stays in India?""

The answer is: कोई (Koi) - No one! Both Rahul and Gabriel are staying in different countries, so neither of them is staying in India.",गेब्रियल,Nepali,"The assistant's response is in the same language as the reference and aligns with the reference, but it incorrectly states that no one is staying in India, which contradicts the reference. The correct answer should be Gabriel. 

Rating: [[4]]"
राहुल नेपाल मा बस्छ र बहादुर भारत मा बस्छ। नेपाल मा को बस्छ?,"A classic Nepali sentence!

The correct translation is:

""Rahul stays in Nepal and Bahadur stays in India. Who stays in Nepal?""

In this sentence, ""नेपाल मा"" (Nepal ma) means ""in Nepal"", and ""को"" (ko) is a question word that asks ""who"" or ""what"". So, the sentence is asking ""Who stays in Nepal?""",राहुल,Nepali,"The assistant's response is in English and aligns with the reference provided, as it correctly translates the sentence and identifies that Rahul stays in Nepal.

Rating: [[2]]"
राहुल नेपाल मा बस्छ र बहादुर भारत मा बस्छ। भारत मा को बस्छ?,"A classic Nepali-Indian geography question! 😊

राहुल नेपाल मा बस्छ, जस्तै बहादुर नेपाल मा बस्छ। (Rahul lives in Nepal, just like Bahadur lives in Nepal.)

So, the answer is: नेपाल मा (Nepal)",बहादुर,Nepali,"The assistant's response is in the same language as the reference (Nepali) but does not align with the reference. The reference clearly states that Bahadur lives in India, but the assistant incorrectly states that Bahadur lives in Nepal.

Rating: [[4]]"
राहुल जापान मा बस्छ र हारुतो भारत मा बस्छ। जापान मा को बस्छ?,"A clever question! 😄

You're asking who lives in Japan, besides Rahul, who you mentioned earlier. And the answer is... Haruto, who you also mentioned earlier, lives in India, not Japan! 🙃

So, to answer your question, there is no one named Haruto who lives in Japan, since he is actually in India.",राहुल,Nepali,"The assistant's response is in English and does not align with the reference provided. The assistant incorrectly states that Haruto lives in India, while the question clearly states that Haruto lives in India and Rahul lives in Japan. The assistant should have correctly identified Rahul as the person living in Japan.

Rating: [[4]]"
राहुल जापान मा बस्छ र हारुतो भारत मा बस्छ। भारत मा को बस्छ?,"A clever question! 😄

The answer is: राहुल जापान मा बस्छ (Rahul stays in Japan) and हारुतो भारत मा बस्छ (Haruto stays in India).

So, the question is asking: ""Who stays in India?""

The answer is: कोई (Koi) or ""no one"" because both Rahul and Haruto are staying in different countries, Japan and India respectively.",हारुतो,Nepali,"The assistant's response is in the same language as the reference and aligns with the reference, but it incorrectly states that ""कोई (Koi) or 'no one' because both Rahul and Haruto are staying in different countries, Japan and India respectively."" The correct answer should be ""हारुतो (Haruto)."" 

Rating: [[4]]"
राहुल युक्रेन मा बस्छ र निकोलाई भारत मा बस्छ। युक्रेन मा को बस्छ?,"A nice question!

राहुल (Rahul) is in Ukraine, and निकोलाई (Nikolai) is in India.

So, the question is: ""Who is in Ukraine?""

The answer is: राहुल (Rahul) is in Ukraine.",राहुल,Nepali,"The assistant's response is in the same language as the reference and aligns with the reference provided.

Rating: [[1]]"
राहुल युक्रेन मा बस्छ र निकोलाई भारत मा बस्छ। भारत मा को बस्छ?,"A clever question! 😄

The answer is ""राहुल युक्रेन मा बस्छ"" means ""Rahul is in Ukraine"" and ""निकोलाई भारत मा बस्छ"" means ""Nikolai is in India"".

So, the question is asking ""Who is in India?"" And the answer is ""निकोलाई"" (Nikolai).",निकोलाई,Nepali,"The assistant's response is in the same language as the reference and aligns with the reference provided. The assistant correctly identifies that Nikolai is in India.

Rating: [[1]]"
राहुल ग्रीस मा बस्छ र मारिया भारत मा बस्छ। ग्रीस मा को बस्छ?,"A clever question! 😄

राहुल ग्रीस मा बस्छ (Rahul stays in Greece)
मारिया भारत मा बस्छ (Maria stays in India)

So, the question is: ग्रीस मा को बस्छ? (Who stays in Greece?)

The answer is: राहुल (Rahul) stays in Greece.",राहुल,Nepali,"The assistant's response is in the same language as the reference and aligns with the reference provided. The assistant correctly identifies that Rahul stays in Greece.

Rating: [[1]]"
राहुल ग्रीस मा बस्छ र मारिया भारत मा बस्छ। भारत मा को बस्छ?,"A clever question! 😄

The answer is: राहुल ग्रीस मा बस्छ (Rahul stays in Greece) and मारिया भारत मा बस्छ (Maria stays in India).

So, the question is asking: ""Who stays in India?""

The answer is: मारिया (Maria) stays in India.",मारिया,Nepali,"The assistant's response is in the same language as the reference and aligns with the reference provided. The assistant correctly identifies that Maria stays in India.

Rating: [[1]]"
राहुल टर्की मा बस्छ र मुस्तफा भारत मा बस्छ। टर्की मा को बस्छ?,"A clever question! 😄

In Nepali, ""राहुल"" (Rahul) means ""path"" or ""way"", and ""टर्की"" (Turki) means ""Turkey"". So, ""राहुल टर्की मा बस्छ"" (Rahul Turkī mā baschha) literally means ""Rahul is in Turkey"".

And ""मुस्तफा"" (Mustafa) is a common Turkish name, and ""भारत"" (Bharat) means ""India"". So, ""मुस्तफा भारत मा बस्छ"" (",राहुल,Nepali,"The assistant's response is in the same language as the reference but does not directly answer the question. It provides a literal translation and explanation of the names and places, which is not what was asked. The question specifically asks who lives in Turkey, and the assistant should have provided a direct answer.

Rating: [[4]]"
राहुल टर्की मा बस्छ र मुस्तफा भारत मा बस्छ। भारत मा को बस्छ?,"A clever question! 😄

The answer is: राहुल टर्की मा बस्छ र मुस्तफा भारत मा बस्छ, भारत मा को बस्छ नहीं!

Translation: Rahul lives in Turkey and Mustafa lives in India, but there is no one named ""को"" (ko) in India.

The word ""को"" is a possessive pronoun in Nepali, meaning ""his"" or ""her"", but it's not a person's name. So, the question is asking who lives in India, and the answer is that there is no one named",मुस्तफा,Nepali,"The assistant's response is in the same language as the reference and partially aligns with the reference. However, the assistant incorrectly interprets the question and provides an unnecessary explanation about the word ""को"" (ko), which is not relevant to the question. The question asks who lives in India, and the correct answer is ""मुस्तफा"" (Mustafa).

Rating: [[4]]"
राहुल केन्या मा बस्छ र जिमोन भारत मा बस्छ। केन्या मा को बस्छ?,"A nice question!

राहुल Kenya मा बस्छ (Rahul is in Kenya)
जिमोन भारत मा बस्छ (Jimon is in India)

So, the question is: केन्या मा को बस्छ? (Who is in Kenya?)

The answer is: राहुल (Rahul)",राहुल,Nepali,"The assistant's response is in the same language as the reference and aligns with the reference provided.

Rating: [[1]]"
राहुल केन्या मा बस्छ र जिमोन भारत मा बस्छ। भारत मा को बस्छ?,"A clever question! 😄

The answer is: राहुल केन्या मा बस्छ (Rahul stays in Kenya) and जिमोन भारत मा बस्छ (Jimon stays in India).

So, the question is asking: ""Who stays in India?"" And the answer is: को (ko), which is a pronoun meaning ""who"" or ""whom"".",जिमोन,Nepali,"The assistant's response is in the same language as the reference and aligns with the reference, but it provides additional information and context that was not strictly necessary to answer the question. However, the core answer is correct and directly addresses the question.

Rating: [[1]]"
राहुल थाइल्याण्ड मा बस्छ र सोमचाई भारत मा बस्छ। थाइल्याण्ड मा को बस्छ?,"A clever question! 😄

The answer is: सोमचाई (Somchai) is a common Thai name, and it's likely that the person you're referring to is a Thai national who lives in Thailand.

So, to answer your question: सोमचाई थाइल्याण्ड मा बस्छ (Somchai lives in Thailand).",राहुल,Nepali,"The assistant's response is in the same language as the reference (Nepali) and aligns with the reference, correctly identifying that Somchai lives in Thailand.

Rating: [[1]]"
राहुल थाइल्याण्ड मा बस्छ र सोमचाई भारत मा बस्छ। भारत मा को बस्छ?,"A clever question! 😄

The answer is: राहुल थाइल्याण्ड मा बस्छ (Rahul stays in Thailand) and सोमचाई भारत मा बस्छ (Somchai stays in India).

So, the question is asking: ""Who stays in India?""

The answer is: कोई (Koi) or ""no one"" because Rahul stays in Thailand and Somchai stays in India, so neither of them stays in India.",सोमचाई,Nepali,"The assistant's response is in the same language as the reference and aligns with the reference. The assistant correctly identifies that Somchai stays in India, as stated in the question. However, the assistant also correctly points out that the question is asking who stays in India, and since Rahul stays in Thailand, the answer is ""no one"" (कोई). This is a correct and aligned response.

Rating: [[1]]"
ली वेई रूस मा बस्छ र सर्गेई चीन मा बस्छ। रूस मा को बस्छ?,"A clever question! 😄

The answer is ""Ли Вэй"" (Li Wei) is in Russia, and ""Сергей"" (Sergey) is in China.

So, the correct answer is: Сергей (Sergey) is in China.",ली वेई,Nepali,"The assistant's response is in English and does not align with the reference provided. The question was asked in Nepali, and the correct answer should have been ""ली वेई"" (Li Wei) is in Russia. The assistant also incorrectly stated that Sergey is in China, which contradicts the reference.

Rating: [[4]]"
ली वेई रूस मा बस्छ र सर्गेई चीन मा बस्छ। चीन मा को बस्छ?,"A clever question! 😄

The answer is: ली वेई (Li Wei) is in Russia, and सर्गेई (Sergei) is in China.

So, चीन मा को बस्छ (zhōng guó mǎ kě bù chéng) means ""Who is in China?""",सर्गेई,Nepali,"The assistant's response is in the same language as the reference and aligns with the reference, but it includes unnecessary information and a smiley face, which is not part of the reference. However, the core answer is correct.

Rating: [[1]]"
ली वेई साउदी अरेबिया मा बस्छ र अब्दुलाजिज चीन मा बस्छ। साउदी अरेबिया मा को बस्छ?,"A clever question! 😄

According to the information you provided, we know that:

1. Lee Wei is in Saudi Arabia.
2. Abdulaziz is in China.

From this, we can conclude that:

Saudi Arabia is the country where Lee Wei is located, and China is the country where Abdulaziz is located.",ली वेई,Nepali,"The assistant's response is in English and aligns with the reference provided, as it correctly identifies that Lee Wei is in Saudi Arabia. However, the response is not in the same language as the reference, which is in Nepali.

Rating: [[2]]"
ली वेई साउदी अरेबिया मा बस्छ र अब्दुलाजिज चीन मा बस्छ। चीन मा को बस्छ?,"A clever question! 😄

The answer is: ली वेई (Lee Wei) is in Saudi Arabia, and अब्दुलाजिज (Abdulaziz) is in China.

So, चीन (China) is where अब्दुलाजिज (Abdulaziz) is, not ली वेई (Lee Wei).",अब्दुलाजिज,Nepali,"The assistant's response is in the same language as the reference and aligns with the reference provided. The assistant correctly identifies that Abdulaziz is in China.

Rating: [[1]]"
ली वेई फ्रान्स मा बस्छ र गेब्रियल चीन मा बस्छ। फ्रान्स मा को बस्छ?,"A clever question! 😄

The answer is ""ली"" (Li) because ""ली वेई"" (Li Wei) is a Chinese name, and ""फ्रान्स"" (France) is a French country. So, Li Wei is in France.

And similarly, ""गेब्रियल"" (Gabriel) is a French name, and ""चीन"" (China) is a Chinese country. So, Gabriel is in China.

So, the correct answers are:

* ली वेई (Li Wei) is in फ्रान्स (France)
* गेब्रियल (Gab",ली वेई,Nepali,"The assistant's response is in the same language as the reference and partially aligns with the reference. However, the assistant incorrectly assumes that ""ली वेई"" (Li Wei) is in France based on the name and country association, which is not supported by the reference. The reference clearly states that ""ली वेई फ्रान्स मा बस्छ,"" which means Li Wei lives in France. The assistant's additional explanation about the names and countries is unnecessary and introduces incorrect information. 

Rating: [[4]]"
ली वेई फ्रान्स मा बस्छ र गेब्रियल चीन मा बस्छ। चीन मा को बस्छ?,"A clever question! 😄

The answer is: ली वेई (Li Wei) is in France, and गेब्रियल (Gabriel) is in China. And in China, it's ली वेई (Li Wei) who is! 🤣",गेब्रियल,Nepali,"The assistant's response is in the same language as the reference (Nepali) but does not align with the reference. The assistant incorrectly states that Li Wei is in China, while the reference clearly indicates that Gabriel is in China. 

Rating: [[4]]"
ली वेई नेपाल मा बस्छ र बहादुर चीन मा बस्छ। नेपाल मा को बस्छ?,"A clever question! 😄

The answer is: ली वेई (Lee Wei) is in Nepal, and बहादुर (Bahadur) is in China.

So, नेपाल मा (in Nepal) would be ली वेई (Lee Wei).",ली वेई,Nepali,"The assistant's response is in the same language as the reference and aligns with the reference provided.

Rating: [[1]]"
ली वेई नेपाल मा बस्छ र बहादुर चीन मा बस्छ। चीन मा को बस्छ?,"A clever question! 😄

The answer is: ली वेई (Lee Wei) is in Nepal, and बहादुर (Bahadur) is in China.

So, the question is asking: ""Who is in China?""

The answer is: बहादुर (Bahadur) is in China.",बहादुर,Nepali,"The assistant's response is in the same language as the reference and aligns with the reference provided.

Rating: [[1]]"
ली वेई जापान मा बस्छ र हारुतो चीन मा बस्छ। जापान मा को बस्छ?,"A clever question! 😄

You're asking who lives in Japan, besides Lee Wei and Haruto, who you mentioned earlier.

Well, Japan is a country with a population of over 128 million people, so there are many people who live there! Some notable Japanese people include:

1. Anime and manga creators like Hayao Miyazaki, Makoto Shinkai, and Eiichiro Oda.
2. Famous actors and actresses like Takeshi Kitano, Ken Watanabe, and Rinko Kikuchi.
3. Musicians like Utada Hikaru, AKB48, and One OK",ली वेई,Nepali,"The assistant's response is in English and does not align with the reference provided. The assistant did not answer the specific question about who lives in Japan, as per the reference.

Rating: [[4]]"
ली वेई जापान मा बस्छ र हारुतो चीन मा बस्छ। चीन मा को बस्छ?,"A clever question! 😄

The answer is: ली वेई (Lee Wei) is in Japan, and हारुतो (Haruto) is in China.

So, चीन मा को बस्छ (in China, who lives)? The answer is हारुतो (Haruto)! 😊",हारुतो,Nepali,"The assistant's response is in the same language as the reference and aligns with the reference provided.

Rating: [[1]]"
ली वेई युक्रेन मा बस्छ र निकोलाई चीन मा बस्छ। युक्रेन मा को बस्छ?,"A clever question! 😄

According to the sentence, ली वेई (Li Wei) is in Ukraine, and निकोलाई (Nikolai) is in China.

So, the question is asking who is in Ukraine, besides Li Wei.

The answer is निकोलाई (Nikolai).",ली वेई,Nepali,"The assistant's response is in the same language as the reference but does not align with the reference. The assistant incorrectly states that the question is asking who is in Ukraine besides Li Wei, when in fact the question is simply asking who is in Ukraine. The correct answer should be ""ली वेई"" (Li Wei).

Rating: [[4]]"
ली वेई युक्रेन मा बस्छ र निकोलाई चीन मा बस्छ। चीन मा को बस्छ?,"A clever question! 😄

The answer is: निकोलाई (Nikolai) is in Ukraine, and ली वेई (Li Wei) is in China.

So, the question ""चीन मा को बस्छ?"" (Who is in China?) is asking about Nikolai, and the answer is ""निकोलाई चीन मा बस्छ"" (Nikolai is in China).",निकोलाई,Nepali,"The assistant's response is in the same language as the reference but does not align with the reference. The reference states that निकोलाई (Nikolai) is in China, but the assistant incorrectly states that निकोलाई (Nikolai) is in Ukraine.

Rating: [[4]]"
ली वेई ग्रीस मा बस्छ र मारिया चीन मा बस्छ। ग्रीस मा को बस्छ?,"A clever question! 😄

The answer is ""ली वेई"" (Lee Wei) is in Greece, and ""मारिया"" (Maria) is in China.

So, the question is asking ""Who is in Greece?"" And the answer is ""ली वेई"" (Lee Wei).",ली वेई,Nepali,"The assistant's response is in the same language as the reference and aligns with the reference provided.

Rating: [[1]]"
ली वेई ग्रीस मा बस्छ र मारिया चीन मा बस्छ। चीन मा को बस्छ?,"A clever question! 😄

The answer is: ली वेई (Lee Wei) is in Greece, and मारिया (Maria) is in China. And in China, it's written as 李伟 (Lǐ Wěi).",मारिया,Nepali,"The assistant's response is in the same language as the reference and aligns with the reference, providing the correct answer to the question.

Rating: [[1]]"
ली वेई टर्की मा बस्छ र मुस्तफा चीन मा बस्छ। टर्की मा को बस्छ?,"A clever question! 😄

In Turkish, ""李"" (Lǐ) is a Chinese surname, and ""Wei"" (Wei) is a common Chinese given name. So, ""ली वेई"" (Lī Wěi) is a Chinese name.

In Turkish, ""टर्की"" (Türk) means ""Turkey"", and ""मा"" (ma) is a possessive suffix. So, ""टर्की मा"" (Türk'ma) means ""in Turkey"".

And finally, ""मुस्तफा"" (Mustafa) is a common Turkish given name.

So,",ली वेई,Nepali,"The assistant's response is in English and does not align with the reference provided. The assistant should have answered the question in the same language as the reference and provided a direct answer to the question asked.

Rating: [[4]]"
ली वेई टर्की मा बस्छ र मुस्तफा चीन मा बस्छ। चीन मा को बस्छ?,"A clever question!

The answer is: मुस्तफा टर्की मा बस्छ!

So, the correct translation is:

Lee Wei is in Turkey, Mustafa is in China, and who is in China? Mustafa is in Turkey!",मुस्तफा,Nepali,"The assistant's response is in the same language as the reference but does not align with the reference. The assistant incorrectly states that Mustafa is in Turkey, which contradicts the reference.

Rating: [[4]]"
ली वेई केन्या मा बस्छ र जिमोन चीन मा बस्छ। केन्या मा को बस्छ?,"A clever question! 😄

Lee Wei is a Chinese name, and ""Kenya"" is a country in East Africa. So, it seems like you're asking about Lee Wei's whereabouts.

According to my knowledge, Lee Wei is a Chinese actor and singer, and he is indeed based in China. He is a popular figure in the Chinese entertainment industry, known for his roles in TV dramas and movies.

As for Kenya, it's a country in East Africa, and it's not directly related to Lee Wei's whereabouts. Kenya is a beautiful country with a rich culture and natural beauty, known for its national parks, wildlife reserves",ली वेई,Nepali,"The assistant's response is in English and does not align with the reference provided. The assistant should have answered that Lee Wei lives in Kenya based on the information given in the question.

Rating: [[4]]"
ली वेई केन्या मा बस्छ र जिमोन चीन मा बस्छ। चीन मा को बस्छ?,"A clever question! 😄

The answer is: ली वेई (Lee Wei) is in Kenya, and जिमोन (Jimon) is in China.

So, the question ""चीन मा को बस्छ?"" (Who is in China?) is asking about Jimon, and the answer is ""जिमोन"" (Jimon).",जिमोन,Nepali,"The assistant's response is in the same language as the reference and aligns with the reference provided.

Rating: [[1]]"
ली वेई थाइल्याण्ड मा बस्छ र सोमचाई चीन मा बस्छ। थाइल्याण्ड मा को बस्छ?,"A clever question! 😄

The answer is ""ลี"" (Lee) is a common Chinese name, and ""เวียดนาม"" (Vietnam) is a country in Southeast Asia. So, ""ลี เวียดนาม"" (Lee Vietnam) means ""Lee is in Vietnam"".

And ""ส้ม"" (Som) is a Thai name, and ""ไชน่า"" (China) is a country. So, ""ส้ม ไชน่า"" (Som China) means ""Som is in China"".

So, to summarize:

* ลี (Lee) is in เวียดนาม (Vietnam",ली वेई,Nepali,"The assistant's response is in a different language (Thai) and does not align with the reference provided, which is in Nepali. The assistant also did not correctly answer the question based on the reference. The question asks who lives in Thailand, and the correct answer should be ""ली वेई"" (Lee Wei).

Rating: [[4]]"
ली वेई थाइल्याण्ड मा बस्छ र सोमचाई चीन मा बस्छ। चीन मा को बस्छ?,"A clever question! 😄

The answer is: ली वेई (Lee Wei) stays in Thailand and Somchai stays in China. And in China, he stays in Thailand! 🤯

In other words, the question is playing with the names and locations, and the answer is a clever wordplay. Well done! 👏",सोमचाई,Nepali,"The assistant's response is in the same language as the reference but does not align with the reference. The assistant's answer is incorrect and does not directly answer the question, instead providing a confusing and incorrect statement.

Rating: [[4]]"
सर्गेई साउदी अरेबिया मा बस्छ र अब्दुलाजिज रूस मा बस्छ। साउदी अरेबिया मा को बस्छ?,"A nice question! 😊

According to the text, साउदी अरेबिया मा बस्छ (Saudī Arabīyā mā baschh) means ""There is Saudi Arabia"" or ""Saudi Arabia is present"".

So, the question is asking ""Who is present in Saudi Arabia?""

The answer is अब्दुलाजिज (Abdulājīj), which means ""Abdulaziz"". So, Abdulaziz is present in Saudi Arabia.",सर्गेई,Nepali,"The assistant's response is in the same language as the reference but does not align with the reference. The reference clearly states that सर्गेई (Sergei) lives in Saudi Arabia, not Abdulaziz. The assistant's answer is incorrect and misleading.

Rating: [[4]]"
सर्गेई साउदी अरेबिया मा बस्छ र अब्दुलाजिज रूस मा बस्छ। रूस मा को बस्छ?,"A clever question!

The answer is ""सर्गेई"" (Sergei) is in Saudi Arabia, and ""अब्दुलाजिज"" (Abdulaziz) is in Russia.

So, in Russia, ""सर्गेई"" (Sergei) is the one who is based.",अब्दुलाजिज,Nepali,"The assistant's response is in the same language as the reference but does not align with the reference. The reference states that Abdulaziz is in Russia, but the assistant incorrectly states that Sergei is in Russia.

Rating: [[4]]"
सर्गेई फ्रान्स मा बस्छ र गेब्रियल रूस मा बस्छ। फ्रान्स मा को बस्छ?,"A clever question! 😄

The answer is ""सर्गेई"" (Sergei) is in France, and ""गेब्रियल"" (Gabriel) is in Russia. So, ""फ्रान्स"" (France) is where Sergei is, and ""रूस"" (Russia) is where Gabriel is. Therefore, ""फ्रान्स मा को बस्छ"" (who is in France) is Sergei! 🎉",सर्गेई,Nepali,"The assistant's response is in the same language as the reference and aligns with the reference, providing the correct answer to the question.

Rating: [[1]]"
सर्गेई फ्रान्स मा बस्छ र गेब्रियल रूस मा बस्छ। रूस मा को बस्छ?,"A clever question!

The answer is: सर्गेई फ्रान्स मा बस्छ (Sergei France मा बस्छ) means ""Sergei lives in France"".

गेब्रियल रूस मा बस्छ (Gabriel Russia मा बस्छ) means ""Gabriel lives in Russia"".

So, the question is asking: ""Who lives in Russia?""

The answer is: गेब्रियल (Gabriel) lives in Russia.",गेब्रियल,Nepali,"The assistant's response is in the same language as the reference and aligns with the reference provided. The assistant correctly identifies that Gabriel lives in Russia.

Rating: [[1]]"
सर्गेई नेपाल मा बस्छ र बहादुर रूस मा बस्छ। नेपाल मा को बस्छ?,"A clever question! 😄

The answer is: सर्गेई नेपाल मा बस्छ (Sergei is in Nepal) and बहादुर रूस मा बस्छ (Bahadur is in Russia).

So, नेपाल मा को बस्छ (Who is in Nepal?)... The answer is कोई (Koi), which means ""no one"" or ""nobody"".",सर्गेई,Nepali,"The assistant's response is in the same language as the reference and aligns with the reference, but the final answer provided is incorrect. The correct answer should be ""सर्गेई"" (Sergei) as per the reference. However, the assistant's response is mostly aligned with the reference and in the correct language.

Rating: [[1]]"
सर्गेई नेपाल मा बस्छ र बहादुर रूस मा बस्छ। रूस मा को बस्छ?,"A clever question! 😄

सर्गेई (Sergei) is a Russian name, and Bahadur is a Nepali name. So, we can infer that:

* Sergei is in Nepal (सर्गेई नेपाल मा बस्छ)
* Bahadur is in Russia (बहादुर रूस मा बस्छ)

And now, the question is: ""रूस मा को बस्छ?"" which means ""Who is in Russia?""

The answer is: Bahadur (बहादुर) is in Russia.",बहादुर,Nepali,"The assistant's response is in the same language as the reference and aligns with the reference provided. The assistant correctly identifies that Bahadur is in Russia based on the information given in the question.

Rating: [[1]]"
सर्गेई जापान मा बस्छ र हारुतो रूस मा बस्छ। जापान मा को बस्छ?,"A clever question! 😄

सर्गेई (Sergei) is a Russian name, and हारुतो (Haruto) is a Japanese name. So, we have a Russian person named Sergei living in Japan, and a Japanese person named Haruto living in Russia.

So, to answer your question, हारुतो (Haruto) is living in रूस (Russia). 🇷🇺",सर्गेई,Nepali,"The assistant's response is in the same language as the reference and aligns with the reference, but it does not directly answer the question asked. The question specifically asks who lives in Japan, and the assistant correctly identifies that Sergei lives in Japan but does not explicitly state this in the final answer. However, the assistant provides a detailed and relevant explanation, which is helpful.

Rating: [[1]]"
सर्गेई जापान मा बस्छ र हारुतो रूस मा बस्छ। रूस मा को बस्छ?,"A clever question! 😄

सर्गेई (Sergei) is a Russian name, and it's likely that you're referring to Sergei Lavrov, the current Foreign Minister of Russia.

हारुतो (Haruto) is a Japanese name, and it's likely that you're referring to Haruto Sakate, a Japanese professional footballer.

So, to answer your question:

सर्गेई (Sergei) is in Russia, and हारुतो (Haruto) is in Japan.

And, as for ""रूस मा को बस्छ"" (who is in Russia), it",हारुतो,Nepali,"The assistant's response is in the same language as the reference and aligns with the reference, but it provides unnecessary information and does not directly answer the question. However, it does eventually provide the correct answer.

Rating: [[1]]"
सर्गेई युक्रेन मा बस्छ र निकोलाई रूस मा बस्छ। युक्रेन मा को बस्छ?,"A question about the famous Ukrainian and Russian leaders!

You're asking who is the leader of Ukraine and Russia.

The answer is:

* Volodymyr Zelenskyy is the President of Ukraine.
* Vladimir Putin is the President of Russia.

So, to summarize: Sergiy (not ""सर्गेई"") is not a well-known leader in Ukraine or Russia, but Volodymyr Zelenskyy is the current President of Ukraine, and Vladimir Putin is the current President of Russia.",सर्गेई,Nepali,"The assistant's response is in English and does not align with the reference provided. The question was about who lives in Ukraine, but the assistant provided information about the leaders of Ukraine and Russia, which is unrelated to the context of the question.

Rating: [[4]]"
सर्गेई युक्रेन मा बस्छ र निकोलाई रूस मा बस्छ। रूस मा को बस्छ?,"A clever question! 😄

सर्गेई (Sergei) is a common Ukrainian name, and निकोलाई (Nikolai) is a common Russian name. So, it seems like you're asking who lives in Russia.

Here's the answer:

सर्गेई (Sergei) lives in Ukraine.
निकोलाई (Nikolai) lives in Russia.

So, the answer is निकोलाई (Nikolai) lives in Russia! 🇷🇺",निकोलाई,Nepali,"The assistant's response is in the same language as the reference and aligns with the reference provided. The assistant correctly identifies that निकोलाई (Nikolai) lives in Russia.

Rating: [[1]]"
सर्गेई ग्रीस मा बस्छ र मारिया रूस मा बस्छ। ग्रीस मा को बस्छ?,"A clever question! 😄

सर्गेई (Sergei) is a Russian name, and मारिया (Maria) is a Russian name as well. So, it seems that Sergei is in Greece (Γρีซ, Greece) and Maria is in Russia (Россия, Russia).

So, the question is: ""Who is in Greece?"" (को बस्छ?)

The answer is: सर्गेई (Sergei) is in Greece! 😊",सर्गेई,Nepali,"The assistant's response is in the same language as the reference and aligns with the reference provided. The assistant correctly identifies that सर्गेई (Sergei) is in Greece.

Rating: [[1]]"
सर्गेई ग्रीस मा बस्छ र मारिया रूस मा बस्छ। रूस मा को बस्छ?,"A clever question!

The answer is: Сергей (Sergey) lives in Greece (सर्गेई ग्रीस मा बस्छ) and Мария (Maria) lives in Russia (मारिया रूस मा बस्छ).

So, the question is asking: ""Who lives in Russia?"" (रूस मा को बस्छ?)

The answer is: Сергей (Sergey) and Мария (Maria) both live in Russia!",मारिया,Nepali,"The assistant's response is in a different language (English and Russian) and does not align with the reference provided. The assistant incorrectly states that both Sergey and Maria live in Russia, while the reference clearly states that Sergey lives in Greece and Maria lives in Russia.

Rating: [[4]]"
सर्गेई टर्की मा बस्छ र मुस्तफा रूस मा बस्छ। टर्की मा को बस्छ?,"A clever question! 😄

In Nepali, ""सर्गेई"" (Sergei) is a Russian name, and ""टर्की"" (Turkey) is a country. So, it seems like you're asking who lives in Turkey.

And then you mention ""मुस्तफा"" (Mustafa), which is also a Turkish name, and ""रूस"" (Russia), which is another country. So, it seems like you're asking who lives in Russia.

Now, to answer your question:

* सर्गेई (Sergei) lives in Turkey.
* मुस्तफा",सर्गेई,Nepali,"The assistant's response is in the same language as the reference and partially aligns with the reference. However, the assistant does not complete the answer, leaving the sentence about Mustafa unfinished. Despite this, the assistant correctly identifies that Sergei lives in Turkey, which is the main point of the question.

Rating: [[1]]"
सर्गेई टर्की मा बस्छ र मुस्तफा रूस मा बस्छ। रूस मा को बस्छ?,"A clever question!

The answer is: सर्गेई टर्की मा बस्छ (Sergei is in Turkey) and मुस्तफा रूस मा बस्छ (Mustafa is in Russia).

So, रूस मा को बस्छ (Who is in Russia?)... is Mustafa!",मुस्तफा,Nepali,"The assistant's response is in the same language as the reference and aligns with the reference provided.

Rating: [[1]]"
सर्गेई केन्या मा बस्छ र जिमोन रूस मा बस्छ। केन्या मा को बस्छ?,"A nice question!

सर्गेई (Sergei) is a Russian name, and जिमोन (Jimon) is a Kenyan name. So, it seems like we have a Russian person named Sergei living in Kenya, and a Kenyan person named Jimon living in Russia.

As for your question, ""केन्या मा को बस्छ?"" (Kenyaa ma ko baschha?), it means ""Who lives in Kenya?"" or ""Who resides in Kenya?""

So, to answer your question, Sergei lives in Kenya.",सर्गेई,Nepali,"The assistant's response is in the same language as the reference and aligns with the reference, correctly identifying that Sergei lives in Kenya.

Rating: [[1]]"
सर्गेई केन्या मा बस्छ र जिमोन रूस मा बस्छ। रूस मा को बस्छ?,"A clever question!

The answer is: सर्गेई केन्या मा बस्छ (Sergei lives in Kenya) and जिमोन रूस मा बस्छ (Jimon lives in Russia).

So, रूस मा को बस्छ (Who lives in Russia?) is a trick question, as both Sergei and Jimon live in different countries!",जिमोन,Nepali,"The assistant's response is in the same language as the reference and aligns with the reference. The assistant correctly identifies that Jimon lives in Russia, which is the answer to the question asked.

Rating: [[1]]"
सर्गेई थाइल्याण्ड मा बस्छ र सोमचाई रूस मा बस्छ। थाइल्याण्ड मा को बस्छ?,"A clever question! 😄

सर्गेई (Sergei) is a Russian name, and सोमचाई (Somchai) is a Thai name. So, we have a Russian person named Sergei living in Thailand, and a Thai person named Somchai living in Russia.

Now, to answer your question: थाइल्याण्ड मा को बस्छ? (Who lives in Thailand?)

The answer is: सर्गेई (Sergei) lives in Thailand.",सर्गेई,Nepali,"The assistant's response is in the same language as the reference and aligns with the reference provided. The assistant correctly identifies that Sergei lives in Thailand.

Rating: [[1]]"
सर्गेई थाइल्याण्ड मा बस्छ र सोमचाई रूस मा बस्छ। रूस मा को बस्छ?,"A clever question!

सर्गेई (Sergei) is a Russian name, and थाइल्याण्ड (Thailand) is a country in Southeast Asia. So, Sergei is in Thailand.

सोमचाई (Somchai) is also a Thai name, and रूस (Russia) is a country in Eastern Europe. So, Somchai is in Russia.

So, the answer to your question is: रूस मा सोमचाई बस्छ (Somchai is in Russia).",सोमचाई,Nepali,"The assistant's response is in the same language as the reference and aligns with the reference provided. The assistant correctly identifies that Somchai is in Russia, as stated in the question.

Rating: [[1]]"
अब्दुलाजिज फ्रान्स मा बस्छ र गेब्रियल साउदी अरेबिया मा बस्छ। फ्रान्स मा को बस्छ?,"A clever question! 😄

The answer is ""नepal"" (Nepal). The question is asking who is staying in France, and the answer is Abdulaziz is staying in France, and Gabriel is staying in Saudi Arabia. So, the question is asking who is staying in France, and the answer is Nepal, as in ""अब्दुलाजिज"" (Abdulaziz) is staying in France.",अब्दुलाजिज,Nepali,"The assistant's response is in a different language (Nepali) and does not align with the reference provided. The assistant incorrectly states that the answer is Nepal, which is not mentioned in the reference. The correct answer should be Abdulaziz, as stated in the reference.

Rating: [[4]]"
अब्दुलाजिज फ्रान्स मा बस्छ र गेब्रियल साउदी अरेबिया मा बस्छ। साउदी अरेबिया मा को बस्छ?,"A clever question! 😄

अब्दुलाजिज (Abdulaziz) is a common name in many Arabic-speaking countries, including Saudi Arabia. So, it's possible that there are multiple individuals named Abdulaziz in Saudi Arabia.

However, if we assume you're asking about a specific person, I'll take a wild guess: Are you referring to King Abdulaziz, also known as Ibn Saud, who was the founder of modern Saudi Arabia? He was a Saudi Arabian king who united the various regions of the Arabian Peninsula and established the Kingdom of Saudi Arabia in 1932.

If that's not the case",गेब्रियल,Nepali,"The assistant's response is in the same language as the reference but does not align with the reference. The question specifically asks who lives in Saudi Arabia, and the correct answer is Gabriel (गेब्रियल). The assistant's response is unrelated to the question and does not provide the correct answer.

Rating: [[4]]"
अब्दुलाजिज नेपाल मा बस्छ र बहादुर साउदी अरेबिया मा बस्छ। नेपाल मा को बस्छ?,"A clever question! 😄

अब्दुलाजिज (Abdulaziz) is a common name in many Arabic-speaking countries, including Saudi Arabia. So, it's possible that there are multiple individuals with this name living in different countries.

However, based on the context of your question, I'm assuming you're asking about the nationality of Abdulaziz in Nepal.

In Nepal, ""अब्दुलाजिज"" (Abdulaziz) is a common name among the Muslim community, particularly among the Madheshi Muslims who are of Indian origin. Many Madheshi Muslims have migrated to Nepal from",अब्दुलाजिज,Nepali,"The assistant's response is in the same language as the reference but does not directly answer the question. The assistant provides background information about the name Abdulaziz but fails to clearly state who lives in Nepal as per the question. 

Rating: [[4]]"
अब्दुलाजिज नेपाल मा बस्छ र बहादुर साउदी अरेबिया मा बस्छ। साउदी अरेबिया मा को बस्छ?,"A clever question! 😄

अब्दुलाजिज (Abdulaziz) is indeed in Nepal, and बहादुर (Bahadur) is in Saudi Arabia.

So, in Saudi Arabia, अब्दुलाजिज (Abdulaziz) is also present! 👍",बहादुर,Nepali,"The assistant's response is in the same language as the reference and aligns with the reference, but it incorrectly states that Abdulaziz is also in Saudi Arabia, which is not true according to the question. The correct answer should be that Bahadur is in Saudi Arabia. However, since the assistant did provide the correct information that Bahadur is in Saudi Arabia, it partially aligns with the reference.

Rating: [[1]]"
अब्दुलाजिज जापान मा बस्छ र हारुतो साउदी अरेबिया मा बस्छ। जापान मा को बस्छ?,"A clever question! 😄

अब्दुलाजिज (Abdulaziz) is a common name in many Arabic-speaking countries, including Saudi Arabia. And Hārutō (ハルト) is a Japanese name.

So, if Abdulaziz is in Japan, and Hārutō is in Saudi Arabia, then...

Hārutō is in Saudi Arabia! 🇸🇦",अब्दुलाजिज,Nepali,"The assistant's response is in the same language as the reference and partially aligns with the reference. However, the assistant did not directly answer the question, which asked who lives in Japan. The assistant provided additional context but did not clearly state that Abdulaziz lives in Japan.

Rating: [[4]]"
अब्दुलाजिज जापान मा बस्छ र हारुतो साउदी अरेबिया मा बस्छ। साउदी अरेबिया मा को बस्छ?,"A clever question! 😄

अब्दुलाजिज (Abdulaziz) is a common name in many Arabic-speaking countries, including Saudi Arabia. So, it's possible that there are multiple individuals named अब्दुलाजिज (Abdulaziz) in Saudi Arabia.

However, if you're asking which specific Abdulaziz is being referred to, I'll take a guess:

You mentioned अब्दुलाजिज जापान मा बस्छ (Abdulaziz is in Japan), which suggests that Abdulaziz is a Saudi Arabian national who is currently residing in Japan.

So, if we",हारुतो,Nepali,"The assistant's response is in the same language as the reference but does not align with the reference. The question specifically asks who lives in Saudi Arabia, and the correct answer is ""हारुतो"" (Haruto). The assistant's response is focused on Abdulaziz and does not provide the correct answer.

Rating: [[4]]"
अब्दुलाजिज युक्रेन मा बस्छ र निकोलाई साउदी अरेबिया मा बस्छ। युक्रेन मा को बस्छ?,"A nice question! 😊

अब्दुलाजिज (Abdulaziz) is a common name in many Arabic-speaking countries, including Saudi Arabia. And Nikolai is a common name in many Eastern European countries, including Ukraine.

So, to answer your question:

अब्दुलाजिज (Abdulaziz) is likely to be in Ukraine, as you mentioned.

And Nikolai is likely to be in Saudi Arabia, as you also mentioned.",अब्दुलाजिज,Nepali,"The assistant's response is in the same language as the reference and aligns with the reference, but it incorrectly states that Abdulaziz is likely to be in Ukraine and Nikolai is likely to be in Saudi Arabia, which is the opposite of what the reference indicates. Therefore, the response is not fully aligned with the reference.

Rating: [[4]]"
अब्दुलाजिज युक्रेन मा बस्छ र निकोलाई साउदी अरेबिया मा बस्छ। साउदी अरेबिया मा को बस्छ?,"A nice question!

अब्दुलाजिज (Abdulaziz) is in Ukraine, and निकोलाई (Nikolai) is in Saudi Arabia.

So, in Saudi Arabia, there is no ""अब्दुलाजिज"" (Abdulaziz), but there is someone else.",निकोलाई,Nepali,"The assistant's response is in the same language as the reference and aligns with the reference, but it provides unnecessary information and does not directly answer the question. However, since it does not contradict the reference and is in the correct language, it should be rated as follows:

Rating: [[1]]"
अब्दुलाजिज ग्रीस मा बस्छ र मारिया साउदी अरेबिया मा बस्छ। ग्रीस मा को बस्छ?,"A clever question! 😄

अब्दुलाजिज (Abdulaziz) is a common name in many Arabic-speaking countries, including Saudi Arabia. And मारिया (Maria) is a common name in many countries, including Greece.

So, to answer your question:

अब्दुलाजिज (Abdulaziz) is likely to be a person from Saudi Arabia, and मारिया (Maria) is likely to be a person from Greece.

So, in this scenario, अब्दुलाजिज (Abdulaziz) is in Greece, and मारिया (Maria)",अब्दुलाजिज,Nepali,"The assistant's response is in the same language as the reference and partially aligns with the reference. However, the assistant does not directly answer the question, which asks who lives in Greece. The assistant provides background information but does not clearly state that Abdulaziz lives in Greece.

Rating: [[4]]"
अब्दुलाजिज ग्रीस मा बस्छ र मारिया साउदी अरेबिया मा बस्छ। साउदी अरेबिया मा को बस्छ?,"A nice question!

अब्दुलाजिज (Abdulaziz) is a common name in many Arabic-speaking countries, including Saudi Arabia. However, without more context, it's difficult to determine which specific Abdulaziz you are referring to.

That being said, there have been several notable individuals with the name Abdulaziz in Saudi Arabia:

1. Abdulaziz bin Abdul Rahman Al Saud (1875-1953) - The founder of modern Saudi Arabia and the first king of the country.
2. King Abdulaziz bin Abdulrahman (1924-2005) - The third king of Saudi Arabia,",मारिया,Nepali,"The assistant's response is in the same language as the reference but does not align with the reference. The question specifically asks who lives in Saudi Arabia, and the correct answer should be ""मारिया"" (Maria). The assistant's response provides irrelevant information about the name Abdulaziz and does not answer the question correctly.

Rating: [[4]]"
अब्दुलाजिज टर्की मा बस्छ र मुस्तफा साउदी अरेबिया मा बस्छ। टर्की मा को बस्छ?,"A nice question! 😊

अब्दुलाजिज (Abdulaziz) is a common Turkish name, and it's not uncommon to find people with this name in Turkey. In fact, Abdulaziz is a popular name among Turkish people, and it's often given to boys born into Muslim families.

As for Mustafa, it's also a common name in Turkey, and it's often associated with the Ottoman Empire's founder, Osman I, who was known as Osman Gazi. Mustafa is a name that's deeply rooted in Turkish culture and history.

So, to answer your question, both Abdulaziz and Mustafa",अब्दुलाजिज,Nepali,"The assistant's response is in the same language as the reference and partially aligns with the reference, but it does not directly answer the question. The assistant provides background information on the names but fails to clearly state that Abdulaziz lives in Turkey.

Rating: [[4]]"
अब्दुलाजिज टर्की मा बस्छ र मुस्तफा साउदी अरेबिया मा बस्छ। साउदी अरेबिया मा को बस्छ?,"A nice question!

अब्दुलाजिज (Abdulaziz) is indeed a common name in Turkey, and मुस्तफा (Mustafa) is a common name in Saudi Arabia.

As for the second part of your question, साउदी अरेबिया मा को बस्छ (who lives in Saudi Arabia), there are many people who live in Saudi Arabia, including:

1. Saudis: The native population of Saudi Arabia, who are predominantly Muslim and Arabic-speaking.
2. Expatriates: Many foreigners work and live in Saudi Arabia, including workers from countries such as India, Pakistan,",मुस्तफा,Nepali,"The assistant's response is in the same language as the reference and partially aligns with the reference. However, it does not directly answer the question, which asks specifically who, between Abdulaziz and Mustafa, lives in Saudi Arabia. The assistant provides additional information but fails to give a clear and direct answer to the question.

Rating: [[4]]"
अब्दुलाजिज केन्या मा बस्छ र जिमोन साउदी अरेबिया मा बस्छ। केन्या मा को बस्छ?,"A question about the whereabouts of Abdulaziz and Jimon! 😊

According to my understanding, Abdulaziz is in Kenya, and Jimon is in Saudi Arabia.

As for Abdulaziz in Kenya, I'm assuming you're asking about his current location within Kenya. Could you please provide more context or clarify what you mean by ""केन्या मा को बस्छ"" (which translates to ""what is in Kenya"" or ""what is in Kenya's place"")? Are you asking about his residence, work, or something else?",अब्दुलाजिज,Nepali,"The assistant's response is in English and aligns with the reference provided, but it includes unnecessary elaboration and asks for additional context, which was not required by the question. The question was straightforward and did not require the assistant to ask for more information.

Rating: [[2]]"
अब्दुलाजिज केन्या मा बस्छ र जिमोन साउदी अरेबिया मा बस्छ। साउदी अरेबिया मा को बस्छ?,"A question about the whereabouts of Abdulaziz and Jimon! 😊

According to my understanding, Abdulaziz is in Kenya, and Jimon is in Saudi Arabia. And, according to my knowledge, Saudi Arabia is where Abdulaziz is also located. So, to summarize:

* Abdulaziz is in Kenya and Saudi Arabia.
* Jimon is in Saudi Arabia.

Please let me know if I'm correct or if there's more to the story! 😊",जिमोन,Nepali,"The assistant's response is in English and does not align with the reference provided. The assistant incorrectly states that Abdulaziz is in both Kenya and Saudi Arabia, which contradicts the reference. The correct answer should be that Jimon is in Saudi Arabia.

Rating: [[4]]"
अब्दुलाजिज थाइल्याण्ड मा बस्छ र सोमचाई साउदी अरेबिया मा बस्छ। थाइल्याण्ड मा को बस्छ?,"A question about the whereabouts of Abdulaziz in Thailand and Saudi Arabia! 😊

According to my knowledge, Abdulaziz is a common name in the Middle East, particularly in Saudi Arabia. It is the name of the founder of the Saudi royal family, King Abdulaziz Al Saud.

However, I'm assuming you're asking about a specific person named Abdulaziz who is currently residing in Thailand and Saudi Arabia. Without more context or information, it's difficult to pinpoint the exact individual.

If you could provide more details or clarify who Abdulaziz is, I'd be happy to try and help you with your question!",अब्दुलाजिज,Nepali,"The assistant's response is in English and does not align with the reference provided. The assistant did not answer the specific question about where Abdulaziz lives in Thailand, instead providing general information about the name Abdulaziz.

Rating: [[4]]"
अब्दुलाजिज थाइल्याण्ड मा बस्छ र सोमचाई साउदी अरेबिया मा बस्छ। साउदी अरेबिया मा को बस्छ?,"A nice question!

अब्दुलाजिज (Abdulaziz) is a common name in many Arabic-speaking countries, including Thailand and Saudi Arabia.

In Thailand, there are many people named अब्दुलाजिज (Abdulaziz) who are of Arab descent, particularly from the Hadhrami community, who have settled in Thailand for generations.

In Saudi Arabia, there are also many people named अब्दुलाजिज (Abdulaziz), as it is a popular name among the Saudi royal family and many other Saudi citizens. In fact, King Abdulaziz bin Abdulrahman was the founder",सोमचाई,Nepali,"The assistant's response is in the same language as the reference but does not align with the reference. The question specifically asks who lives in Saudi Arabia, and the assistant does not provide a direct answer to this question. Instead, it provides background information about the name Abdulaziz, which is not relevant to the specific question asked.

Rating: [[4]]"
गेब्रियल नेपाल मा बस्छ र बहादुर फ्रान्स मा बस्छ। नेपाल मा को बस्छ?,"A clever question! 😄

The answer is: ""गेब्रियल नेपाल मा नहुन्छ"" (Gabriel is not in Nepal).

And ""बहादुर फ्रान्स मा नहुन्छ"" (Bahadur is not in France).

So, the question is asking who is in Nepal, and the answer is that neither Gabriel nor Bahadur is in Nepal.",गेब्रियल,Nepali,"The assistant's response is in the same language as the reference and aligns with the reference, as it correctly identifies that Gabriel is in Nepal based on the given information.

Rating: [[1]]"
गेब्रियल नेपाल मा बस्छ र बहादुर फ्रान्स मा बस्छ। फ्रान्स मा को बस्छ?,"A clever question!

The answer is: लुसियाना (Luciana)!

So, the sentence would be: गेब्रियल नेपाल मा बस्छ, बहादुर फ्रान्स मा बस्छ, लुसियाना फ्रान्स मा बस्छ। (Gabriel is in Nepal, Bahadur is in France, Luciana is in France.)",बहादुर,Nepali,"The assistant's response is in the same language as the reference but does not align with the reference. The assistant incorrectly introduces a new person, Luciana, who is not mentioned in the question. The correct answer should have been ""बहादुर"" (Bahadur).

Rating: [[4]]"
गेब्रियल जापान मा बस्छ र हारुतो फ्रान्स मा बस्छ। जापान मा को बस्छ?,"A clever question! 😄

The answer is: हारुतो (Haruto) बस्छ जापान मा (lives in Japan).

So, the correct translation is: Gabriel lives in Japan, Haruto lives in France, and Haruto lives in Japan.",गेब्रियल,Nepali,"The assistant's response is in the same language as the reference but does not align with the reference. The assistant incorrectly states that Haruto lives in Japan, while the reference indicates that Gabriel lives in Japan. The assistant also provides an unnecessary translation and repeats information incorrectly.

Rating: [[4]]"
गेब्रियल जापान मा बस्छ र हारुतो फ्रान्स मा बस्छ। फ्रान्स मा को बस्छ?,"A clever question! 😄

Gabriel is in Japan, and Haruto is in France. So, in France, it is Haruto who is staying.",हारुतो,Nepali,"The assistant's response is in English and aligns with the reference provided, correctly identifying that Haruto is the one staying in France.

Rating: [[2]]"
गेब्रियल युक्रेन मा बस्छ र निकोलाई फ्रान्स मा बस्छ। युक्रेन मा को बस्छ?,"A nice question!

According to the names you provided, it seems like:

* Gabriel is in Ukraine
* Nikolai is in France

So, the question is asking ""Who is in Ukraine?""

The answer is: Gabriel.",गेब्रियल,Nepali,"The assistant's response is in English and aligns with the reference provided. The assistant correctly identifies that Gabriel is in Ukraine based on the information given in the question.

Rating: [[2]]"
गेब्रियल युक्रेन मा बस्छ र निकोलाई फ्रान्स मा बस्छ। फ्रान्स मा को बस्छ?,"A clever question!

Gabriel is in Ukraine, and Nikolai is in France. So, in France, Gabriel is not present, but Nikolai is present.",निकोलाई,Nepali,"The assistant's response is in English and aligns with the reference provided, but it does not directly answer the question in the same language as the reference. The question was asked in Nepali, and the answer should have been provided in Nepali to align with the reference.

Rating: [[2]]"
गेब्रियल ग्रीस मा बस्छ र मारिया फ्रान्स मा बस्छ। ग्रीस मा को बस्छ?,"A clever question!

The answer is ""मारिया"" (Maria).

The sentence can be translated to:

""Gabriel lives in Greece and Maria lives in France. Who lives in Greece?""

The correct answer is ""मारिया"" (Maria), because the question is asking who lives in Greece, and according to the sentence, Maria lives in Greece.",गेब्रियल,Nepali,"The assistant's response is in the same language as the reference but does not align with the reference. The correct answer should be ""गेब्रियल"" (Gabriel) as the question asks who lives in Greece, and according to the sentence, Gabriel lives in Greece.

Rating: [[4]]"
गेब्रियल ग्रीस मा बस्छ र मारिया फ्रान्स मा बस्छ। फ्रान्स मा को बस्छ?,"A clever question!

The answer is: मारिया फ्रान्स मा बस्छ, गेब्रियल ग्रीस मा बस्छ!

In other words, Maria is in France, and Gabriel is in Greece.",मारिया,Nepali,"The assistant's response is in the same language as the reference and aligns with the reference provided. The assistant correctly identifies that Maria lives in France.

Rating: [[1]]"
गेब्रियल टर्की मा बस्छ र मुस्तफा फ्रान्स मा बस्छ। टर्की मा को बस्छ?,"A clever question! 😄

In Nepali, ""गेब्रियल"" (Gabriél) is a masculine given name, and ""टर्की"" (Turkey) is a country. So, ""गेब्रियल टर्की"" (Gabriél Turkey) means ""Gabriél is in Turkey"".

Similarly, ""मुस्तफा"" (Mustafa) is a masculine given name, and ""फ्रान्स"" (France) is a country. So, ""मुस्तफा फ्रान्स"" (Mustafa France) means ""Mustafa is in France"".

Now",गेब्रियल,Nepali,"The assistant's response is in the same language as the reference but does not directly answer the question. The assistant provides an explanation of the names and countries but fails to clearly state that Gabriel lives in Turkey. 

Rating: [[4]]"
गेब्रियल टर्की मा बस्छ र मुस्तफा फ्रान्स मा बस्छ। फ्रान्स मा को बस्छ?,"A clever question!

You're asking: ""Gabriel Turkey goes to Mustafa France. France goes to whom?""

The answer is: ""France goes to Gabriel Turkey.""

In other words, the sentence is a play on words, where ""France"" is the destination, and ""Gabriel"" and ""Mustafa"" are the travelers. The question is asking who goes to France, and the answer is Gabriel, who was previously said to be going to Mustafa (in Turkey).",मुस्तफा,Nepali,"The assistant's response is in English and does not align with the reference provided. The assistant misinterprets the question, which is a straightforward query about who lives in France, and instead provides an elaborate, incorrect explanation.

Rating: [[4]]"
गेब्रियल केन्या मा बस्छ र जिमोन फ्रान्स मा बस्छ। केन्या मा को बस्छ?,"A nice question!

Gabriel is in Kenya, and Jimon is in France. So, Kenya is where Gabriel is, and France is where Jimon is.

So, the answer is: Kenya!",गेब्रियल,Nepali,"The assistant's response is in English and aligns with the reference provided, as it correctly identifies that Gabriel lives in Kenya.

Rating: [[2]]"
गेब्रियल केन्या मा बस्छ र जिमोन फ्रान्स मा बस्छ। फ्रान्स मा को बस्छ?,"A nice question in Nepali!

According to the sentence, Gabriel is in Kenya and Jimon is in France. So, France is where Jimon is.",जिमोन,Nepali,"The assistant's response is in English and aligns with the reference provided.

Rating: [[2]]"
गेब्रियल थाइल्याण्ड मा बस्छ र सोमचाई फ्रान्स मा बस्छ। थाइल्याण्ड मा को बस्छ?,"A clever question! 😄

Gabriel Thylander is a French professional footballer who plays as a midfielder for the Thailand national team. So, to answer your question, Gabriel Thylander is based in Thailand.",गेब्रियल,Nepali,"The assistant's response is in English and partially aligns with the reference provided. However, the reference is in Nepali, and the assistant did not maintain the language. The assistant also provided additional information that was not asked for, but it did answer the question correctly.

Rating: [[2]]"
गेब्रियल थाइल्याण्ड मा बस्छ र सोमचाई फ्रान्स मा बस्छ। फ्रान्स मा को बस्छ?,"A clever question!

Gabriel Thyland is in Nepal, and Somchai is in France. France is where... (drumroll please)... Gabriel Thyland is also in France!",सोमचाई,Nepali,"The assistant's response is in English and does not align with the reference provided. The assistant incorrectly states that Gabriel Thyland is in Nepal and then concludes that Gabriel Thyland is in France, which contradicts the reference. The correct answer should have been that Somchai is in France.

Rating: [[4]]"
बहादुर जापान मा बस्छ र हारुतो नेपाल मा बस्छ। जापान मा को बस्छ?,"A clever question! 😄

The answer is: हारुतो (Haruto) is in Nepal, not Japan. The sentence ""बहादुर जापान मा बस्छ र हारुतो नेपाल मा बस्छ"" means ""Bahadur is in Japan and Haruto is in Nepal"".

So, the question ""जापान मा को बस्छ"" (Who is in Japan?) is asking about Bahadur, and the answer is Bahadur.",बहादुर,Nepali,"The assistant's response is in the same language as the reference and aligns with the reference provided. The assistant correctly identifies that Bahadur is in Japan.

Rating: [[1]]"
बहादुर जापान मा बस्छ र हारुतो नेपाल मा बस्छ। नेपाल मा को बस्छ?,"A clever question!

The answer is: ""नेपाल मा मेरा बस्छ"" (Nepal ma mera baschha).

Here's a breakdown:

* बहादुर (Bahadur) is a male name, and he lives in Japan.
* हारुतो (Haruto) is a male name, and he lives in Nepal.
* नेपाल मा को (Nepal ma ko) means ""in Nepal"" or ""who lives in Nepal"".
* मेरा (Mera) is a possessive pronoun meaning ""my"" or ""mine"".
* बस्छ",हारुतो,Nepali,"The assistant's response is in the same language as the reference and aligns with the reference, but it includes unnecessary information and a breakdown that was not requested. However, the core answer is correct.

Rating: [[1]]"
बहादुर युक्रेन मा बस्छ र निकोलाई नेपाल मा बस्छ। युक्रेन मा को बस्छ?,"A nice question!

It seems like you're asking about the names ""Bahadur"" and ""Nikolai"" and where they are from.

""बहादुर"" (Bahadur) is a common Nepali name, which means ""brave"" or ""courageous"".

""निकोलाई"" (Nikolai) is a Russian name, which is a variant of the name ""Nikolay"", meaning ""victory of the people"".

So, to answer your question:

* Bahadur is from Nepal.
* Nikolai is from Ukraine (युक्रेन).",बहादुर,Nepali,"The assistant's response is in the same language as the reference and aligns with the reference, but it provides additional information that was not asked for. However, it does correctly answer the question about where Bahadur lives. 

Rating: [[1]]"
बहादुर युक्रेन मा बस्छ र निकोलाई नेपाल मा बस्छ। नेपाल मा को बस्छ?,"A clever question! 😄

The answer is: ""नेपालमा मा"" (Nepalma ma).

Here's a breakdown:

* ""बहादुर"" (Bahadur) is a male name, and it's in Ukraine (युक्रेन) that he resides.
* ""निकोलाई"" (Nikolai) is a male name, and it's in Nepal (नेपाल) that he resides.
* The question asks: ""नेपाल मा को बस्छ?"" (Nepal ma ko baschha?), which means ""Who resides in",निकोलाई,Nepali,"The assistant's response is in the same language as the reference and aligns with the reference, but it is incomplete and does not fully answer the question. However, since it does provide the correct information that Nikolai resides in Nepal, it should not be penalized too harshly.

Rating: [[1]]"
बहादुर ग्रीस मा बस्छ र मारिया नेपाल मा बस्छ। ग्रीस मा को बस्छ?,"A clever question! 😄

The answer is: मारिया (Maria) is in Nepal, and बहादुर (Bahadur) is in Greece.",बहादुर,Nepali,"The assistant's response is in a different language (English and Nepali) but aligns with the reference provided.

Rating: [[3]]"
बहादुर ग्रीस मा बस्छ र मारिया नेपाल मा बस्छ। नेपाल मा को बस्छ?,"A clever question! 😄

The answer is: ""नेपालमा नेपाली बस्छ"" (Nepalma Nepali baschha).

Here's a breakdown:

* ""बहादुर"" (Bahadur) is a male name, and ""मा"" (ma) is a possessive particle indicating ""of"" or ""belonging to"".
* ""ग्रीस"" (Greece) is a country.
* ""मा"" (ma) is again a possessive particle.
* ""बस्छ"" (baschha) is the verb ""to live""",मारिया,Nepali,"The assistant's response is in the same language as the reference (Nepali) but does not align with the reference. The correct answer should have been ""मारिया"" (Maria) as per the question. The assistant provided an incorrect and unrelated answer.

Rating: [[4]]"
बहादुर टर्की मा बस्छ र मुस्तफा नेपाल मा बस्छ। टर्की मा को बस्छ?,"A clever question! 😄

In Nepali, ""बहादुर"" (Bahadur) means ""brave"" or ""strong"", and ""टर्की"" (Turkey) is a country. So, ""बहादुर टर्की"" (Bahadur Turkey) means ""Brave Turkey"".

And ""मुस्तफा"" (Mustafa) is a common Turkish name, and ""नेपाल"" (Nepal) is a country. So, ""मुस्तफा नेपाल"" (Mustafa Nepal) means ""Mustafa from Nepal"".

So, to",बहादुर,Nepali,"The assistant's response is in English and does not align with the reference provided. The assistant did not answer the question but instead provided a translation and explanation of the terms used in the question. 

Rating: [[4]]"
बहादुर टर्की मा बस्छ र मुस्तफा नेपाल मा बस्छ। नेपाल मा को बस्छ?,"A clever question! 😄

The answer is: ""नेपालमा नेपाली बस्छ"" (Nepalma Nepalii baschha).

In this sentence:

* ""बहादुर"" (Bahadur) is a name, which means ""brave"" or ""strong"" in Nepali.
* ""टर्की"" (Turkey) is a country.
* ""मा"" (ma) is a possessive particle, meaning ""in"" or ""at"".
* ""बस्छ"" (baschha) is the verb ""to live"" or ""to reside"".
*",मुस्तफा,Nepali,"The assistant's response is in the same language as the reference but does not align with the reference provided. The correct answer should have been ""मुस्तफा"" (Mustafa) as the question asks who lives in Nepal.

Rating: [[4]]"
बहादुर केन्या मा बस्छ र जिमोन नेपाल मा बस्छ। केन्या मा को बस्छ?,"A nice Nepali question!

The answer is: केन्या मा लिइनो बस्छ (Kenya ma liino baschha).

Here's a breakdown:

* Kenya ma = In Kenya
* liino = lion (the animal)
* baschha = lives

So, the correct translation is: ""Lions live in Kenya.""",बहादुर,Nepali,"The assistant's response is in the same language as the reference but does not align with the reference. The assistant incorrectly translates and provides an answer that is not relevant to the question asked.

Rating: [[4]]"
बहादुर केन्या मा बस्छ र जिमोन नेपाल मा बस्छ। नेपाल मा को बस्छ?,"A nice Nepali question!

The answer is: मा बस्छ (ma bascha) - I stay.

So, the correct translation is:

""बहादुर केन्या मा बस्छ"" means ""Bahadur stays in Kenya"".
""जिमोन नेपाल मा बस्छ"" means ""Jimon stays in Nepal"".
""नेपाल मा को बस्छ"" means ""Who stays in Nepal?""",जिमोन,Nepali,"The assistant's response is in the same language as the reference and aligns with the reference, but it provides additional information and translation which is not strictly necessary to answer the question. However, the core answer is correct and aligns with the reference.

Rating: [[1]]"
बहादुर थाइल्याण्ड मा बस्छ र सोमचाई नेपाल मा बस्छ। थाइल्याण्ड मा को बस्छ?,"A nice question!

In Thailand, there are many things that ""bas"" (bas) or ""stay"" or ""live"". Here are a few examples:

* मानुष (manush) - humans, people
* कुत्ता (kutta) - dogs
* बिल्ली (billi) - cats
* मक्खी (makhii) - mosquitoes
* मच्छर (machchar) - flies
* साँझ (saanja) - sun
* चन्द (chanda) - moon
* नदी (nadi) - rivers
*",बहादुर,Nepali,"The assistant's response is in a different language (Nepali) and does not align with the reference provided. The response is also unrelated to the question asked, which was about identifying who lives in Thailand based on the given information.

Rating: [[4]]"
बहादुर थाइल्याण्ड मा बस्छ र सोमचाई नेपाल मा बस्छ। नेपाल मा को बस्छ?,"A clever question! 😄

The answer is: ""मा"" (ma) is a possessive particle in Nepali, which means ""of"" or ""belonging to"". So, the correct translation is:

* बहादुर थाइल्याण्ड मा (Bahādura Thailaṇḍa mā) means ""Bahadur is in Thailand""
* सोमचाई नेपाल मा (Somachāī Nēpāla mā) means ""Somachāī is in Nepal""
* नेपाल मा को (Nēp",सोमचाई,Nepali,"The assistant's response is in a different language (Nepali) and partially aligns with the reference, but it does not directly answer the question. The assistant provides an explanation of the possessive particle ""मा"" (ma) in Nepali, which is not relevant to the question asked. The question asks who lives in Nepal, and the assistant should have directly answered ""सोमचाई"" (Somachāī).

Rating: [[3]]"
हारुतो युक्रेन मा बस्छ र निकोलाई जापान मा बस्छ। युक्रेन मा को बस्छ?,"A nice question!

According to the text, Haruto is in Ukraine, and Nikolai is in Japan. So, Haruto is in Ukraine.",हारुतो,Nepali,"The assistant's response is in English and aligns with the reference provided.

Rating: [[2]]"
हारुतो युक्रेन मा बस्छ र निकोलाई जापान मा बस्छ। जापान मा को बस्छ?,"A clever question! 😄

You're asking: ""Haruto is in Ukraine, and Nikolai is in Japan. Who is in Japan?""

The answer is: Haruto!",निकोलाई,Nepali,"The assistant's response is in English and does not align with the reference provided. The correct answer should have been Nikolai, not Haruto.

Rating: [[4]]"
हारुतो ग्रीस मा बस्छ र मारिया जापान मा बस्छ। ग्रीस मा को बस्छ?,"A clever question! 😄

In Nepali, ""हारुतो"" (Haruto) is a common given name, and ""ग्रीस"" (Griis) means Greece. So, ""हारुतो ग्रीस मा बस्छ"" (Haruto Griis ma baschha) means ""Haruto lives in Greece"".

Similarly, ""मारिया"" (Mariya) is a common given name, and ""जापान"" (Japān) means Japan. So, ""मारिया जापान मा बस्छ"" (Mariya Japān ma bas",हारुतो,Nepali,"The assistant's response is in the same language as the reference and aligns with the reference, but it does not directly answer the question. The assistant provides a detailed explanation of the names and their meanings, but it fails to explicitly state that Haruto lives in Greece, which is the required answer.

Rating: [[1]]"
हारुतो ग्रीस मा बस्छ र मारिया जापान मा बस्छ। जापान मा को बस्छ?,"A clever question!

You're asking: ""Hāruto stays in Greece and Mariya stays in Japan. Who stays in Japan?""

The answer is: Hāruto (Haruto) stays in Greece, and Mariya (Maria) stays in Japan.",मारिया,Nepali,"The assistant's response is in English and aligns with the reference provided, correctly identifying that Maria stays in Japan.

Rating: [[2]]"
हारुतो टर्की मा बस्छ र मुस्तफा जापान मा बस्छ। टर्की मा को बस्छ?,"A clever question! 😄

You're asking what lives in Turkey, where Mustafa lives, and what lives in Japan, where Haruto lives.

Well, Mustafa lives in Turkey, and Haruto lives in Japan. So, in Turkey, there are Turks, and in Japan, there are Japanese people.",हारुतो,Nepali,"The assistant's response is in English and does not align with the reference provided. The assistant should have answered that Haruto does not live in Turkey, but the question specifically asks who lives in Turkey, which is Mustafa.

Rating: [[4]]"
हारुतो टर्की मा बस्छ र मुस्तफा जापान मा बस्छ। जापान मा को बस्छ?,"A clever question! 😄

You're asking who lives in Turkey and Japan, and who lives in Japan.

The answer is:

* Haruto lives in Turkey.
* Mustafa lives in Japan.

So, the one who lives in Japan is Mustafa! 👍",मुस्तफा,Nepali,"The assistant's response is in a different language (English) from the reference (Nepali) but aligns with the reference provided.

Rating: [[3]]"
हारुतो केन्या मा बस्छ र जिमोन जापान मा बस्छ। केन्या मा को बस्छ?,"A nice question!

Hāruto (ハルト) is a Japanese name, and Jimon (ジモン) is a Japanese surname. So, it seems that Hāruto Kenya and Jimon Japan are two individuals.

As for Kenya, it's a country in East Africa, not a person. So, it's not clear who ""Kenya"" is in this context. Could you please provide more information or clarify the question?",हारुतो,Nepali,"The assistant's response is in English and does not align with the reference provided. The assistant should have identified that Haruto lives in Kenya based on the information given in the question.

Rating: [[4]]"
हारुतो केन्या मा बस्छ र जिमोन जापान मा बस्छ। जापान मा को बस्छ?,"A nice question!

You're asking about the names of the main characters in the popular anime and manga series ""Naruto"" and ""Jujutsu Kaisen"".

* Haruto is not a character from either series, so I'm assuming you meant Haruno Sakura, a main character from the Naruto series.
* Jimon is not a character from either series, so I'm assuming you meant Jujutsu Kaisen, a manga and anime series, and the main character is Satoru Gojo.

So, to answer your question:

* Haruno Sakura (Sakura Haruno) is a main",जिमोन,Nepali,"The assistant's response is in English but does not align with the reference provided. The assistant seems to have misunderstood the question and provided information about anime and manga characters instead of answering the question about who lives in Japan.

Rating: [[4]]"
हारुतो थाइल्याण्ड मा बस्छ र सोमचाई जापान मा बस्छ। थाइल्याण्ड मा को बस्छ?,"A clever question! 😄

In Thai, ""हारुतो"" (Haruto) means ""light"" or ""sun"", and ""सोमचाई"" (Somchai) is a common Thai name.

So, the question is asking: ""Haruto is in Thailand and Somchai is in Japan. Who is in Thailand?""

The answer is: हारुतो (Haruto) is in Thailand, and सोमचाई (Somchai) is in Japan.",हारुतो,Nepali,"The assistant's response is in English and aligns with the reference provided, but it includes additional information that was not requested. However, the core answer is correct and in line with the reference.

Rating: [[2]]"
हारुतो थाइल्याण्ड मा बस्छ र सोमचाई जापान मा बस्छ। जापान मा को बस्छ?,"A clever question! 😄

You're asking who lives in Thailand and Japan, and who lives in Japan.

The answer is:

* Haruto lives in Thailand.
* Somchai lives in Japan.

Well done on creating a clever question! 👏",सोमचाई,Nepali,"The assistant's response is in English and aligns with the reference provided, correctly identifying that Somchai lives in Japan.

Rating: [[2]]"
निकोलाई ग्रीस मा बस्छ र मारिया युक्रेन मा बस्छ। ग्रीस मा को बस्छ?,"A nice question!

In Nepali, you are asking """" which translates to ""Nikolai lives in Greece and Maria lives in Ukraine. Who lives in Greece?""

The answer is: निकोलाई (Nikolai) and मारिया (Maria) both live in Greece.",निकोलाई,Nepali,"The assistant's response is in the same language as the reference (Nepali) but does not align with the reference. The assistant incorrectly states that both Nikolai and Maria live in Greece, whereas the reference clearly states that Nikolai lives in Greece and Maria lives in Ukraine.

Rating: [[4]]"
निकोलाई ग्रीस मा बस्छ र मारिया युक्रेन मा बस्छ। युक्रेन मा को बस्छ?,"A nice question!

निकोलाई (Nikolai) is a Russian name, and ग्रीस (Greece) is a country in southeastern Europe.

मारिया (Maria) is a Russian name, and युक्रेन (Ukraine) is a country in Eastern Europe.

So, to answer your question:

निकोलाई (Nikolai) is in Greece.
मारिया (Maria) is in Ukraine.

And, to add a bit more information:

युक्रेन (Ukraine) is a country in Eastern Europe, bordering Russia, Belarus, Poland, Slovakia,",मारिया,Nepali,"The assistant's response is in the same language as the reference and aligns with the reference. The assistant correctly identifies that Maria lives in Ukraine, which is the answer to the question asked.

Rating: [[1]]"
निकोलाई टर्की मा बस्छ र मुस्तफा युक्रेन मा बस्छ। टर्की मा को बस्छ?,"A nice question!

You're asking who lives in Turkey and Ukraine, and who lives in Turkey.

Here are the answers:

* निकोलाई (Nikolai) lives in Ukraine.
* मुस्तफा (Mustafa) lives in Turkey.

So, Mustafa lives in Turkey!",निकोलाई,Nepali,"The assistant's response is in a mix of English and the same language as the reference but does not align with the reference provided. The assistant incorrectly states that Nikolai lives in Ukraine and Mustafa lives in Turkey, which is the opposite of what the reference indicates.

Rating: [[4]]"
निकोलाई टर्की मा बस्छ र मुस्तफा युक्रेन मा बस्छ। युक्रेन मा को बस्छ?,"A clever question!

You're asking who lives in Turkey and Ukraine, and who lives in Ukraine.

The answer is:

* निकोलाई (Nikolai) lives in Turkey.
* मुस्तफा (Mustafa) lives in Ukraine.

So, Ukraine is the country where Mustafa lives.",मुस्तफा,Nepali,"The assistant's response is in the same language as the reference and aligns with the reference provided.

Rating: [[1]]"
निकोलाई केन्या मा बस्छ र जिमोन युक्रेन मा बस्छ। केन्या मा को बस्छ?,"A nice question!

निकोलाई केन्या मा बस्छ र जिमोन युक्रेन मा बस्छ, which means ""Nikolai is in Kenya and Jimon is in Ukraine"".

So, केन्या मा को बस्छ? (Who is in Kenya?) - Nikolai is in Kenya.",निकोलाई,Nepali,"The assistant's response is in the same language as the reference and aligns with the reference provided. The assistant correctly identifies that Nikolai is in Kenya.

Rating: [[1]]"
निकोलाई केन्या मा बस्छ र जिमोन युक्रेन मा बस्छ। युक्रेन मा को बस्छ?,"A nice question!

निकोलाई केन्या मा बस्छ (Nikolai Kenya lives in Kenya)
जिमोन युक्रेन मा बस्छ (Jimon lives in Ukraine)

युक्रेन मा को बस्छ? (Who lives in Ukraine?)

The answer is: николай (Nikolai) also lives in Ukraine!",जिमोन,Nepali,"The assistant's response is in the same language as the reference and aligns with the reference, but there is a critical error in the final answer. The assistant incorrectly states that ""николай (Nikolai) also lives in Ukraine,"" which contradicts the information provided in the reference. The correct answer should be ""जिमोन (Jimon) lives in Ukraine."" Despite the alignment in language, the incorrect answer means the response does not fully align with the reference.

Rating: [[4]]"
निकोलाई थाइल्याण्ड मा बस्छ र सोमचाई युक्रेन मा बस्छ। थाइल्याण्ड मा को बस्छ?,"A clever question! 😄

Nikolai Thyland is a Norwegian name, and Somsai Ukraine is a Ukrainian name. So, let's break it down:

* Nikolai Thyland is a Norwegian name, and ""Thyland"" is a Norwegian word that means ""Thailand"". So, Nikolai Thyland is likely a Norwegian person who is from Thailand.
* Somsai Ukraine is a Ukrainian name, and ""Ukraine"" is a country in Eastern Europe. So, Somsai Ukraine is likely a Ukrainian person who is from Ukraine.

So, to answer your question, Nikolai Thyland is",निकोलाई,Nepali,"The assistant's response is in English and does not align with the reference provided. The assistant makes assumptions about the names and their origins, which are not relevant to the question asked. The question is asking about the location of Nikolai, and the assistant does not provide a clear answer.

Rating: [[4]]"
निकोलाई थाइल्याण्ड मा बस्छ र सोमचाई युक्रेन मा बस्छ। युक्रेन मा को बस्छ?,"A nice question!

निकोलाई थाइल्याण्ड (Nikolai Thiland) is a Nepali name, and सोमचाई (Somchai) is a Thai name. So, it seems like we have a mix of nationalities here!

According to the information, निकोलाई थाइल्याण्ड is in Thailand, and सोमचाई is in Ukraine.

So, सोमचाई (Somchai) is in Ukraine.",सोमचाई,Nepali,"The assistant's response is in the same language as the reference and aligns with the reference provided. The assistant correctly identifies that सोमचाई (Somchai) is in Ukraine.

Rating: [[1]]"
मारिया टर्की मा बस्छ र मुस्तफा ग्रीस मा बस्छ। टर्की मा को बस्छ?,"A clever question!

In Nepali, ""मारिया"" (Maria) means ""Mary"" and ""टर्की"" (Turkey) is a country. So, ""मारिया टर्की मा बस्छ"" means ""Mary is in Turkey"".

Similarly, ""मुस्तफा"" (Mustafa) is a common Turkish name, and ""ग्रीस"" (Greece) is a country. So, ""मुस्तफा ग्रीस मा बस्छ"" means ""Mustafa is in Greece"".

Now, the question is ""टर्की मा को बस",मारिया,Nepali,"The assistant's response is in the same language as the reference and partially aligns with the reference, but it does not fully answer the question. The assistant explains the meaning of the names and countries but does not explicitly state who lives in Turkey. However, since the assistant's response is in the same language and provides relevant information, it should not be rated as unrelated.

Rating: [[1]]"
मारिया टर्की मा बस्छ र मुस्तफा ग्रीस मा बस्छ। ग्रीस मा को बस्छ?,"A nice question!

In Nepali, you're saying:

""""

Which translates to:

""Maria is in Turkey and Mustafa is in Greece. Who is in Greece?""

The answer is: मुस्तफा (Mustafa) is in Greece.",मुस्तफा,Nepali,"The assistant's response is in English and aligns with the reference provided, as it correctly identifies that Mustafa is in Greece. However, the assistant could have provided the answer directly in Nepali, which would have been more aligned with the reference.

Rating: [[2]]"
मारिया केन्या मा बस्छ र जिमोन ग्रीस मा बस्छ। केन्या मा को बस्छ?,"A nice question!

The answer is: मारिया (Maria) stays in Kenya, जिमोन (Jimon) stays in Greece.

So, the question ""केन्या मा को बस्छ?"" (Kenyā mā ko baschha?) translates to ""Who stays in Kenya?"" And the answer is ""मारिया"" (Maria).",मारिया,Nepali,"The assistant's response is in the same language as the reference and aligns with the reference provided.

Rating: [[1]]"
मारिया केन्या मा बस्छ र जिमोन ग्रीस मा बस्छ। ग्रीस मा को बस्छ?,"A nice question!

मारिया केन्या मा बस्छ (Maria lives in Kenya)
जिमोन ग्रीस मा बस्छ (Jimon lives in Greece)

So, the question is: ग्रीस मा को बस्छ? (Who lives in Greece?)

The answer is: मारिया (Maria)",जिमोन,Nepali,"The assistant's response is in the same language as the reference and aligns with the reference, but the answer provided is incorrect. The assistant states that Maria lives in Greece, which contradicts the information given in the reference. The correct answer should be Jimon. However, since the criteria do not account for the accuracy of the content, only the alignment with the reference and the language, the assistant's response is still considered aligned.

Rating: [[1]]"
मारिया थाइल्याण्ड मा बस्छ र सोमचाई ग्रीस मा बस्छ। थाइल्याण्ड मा को बस्छ?,"A clever question! 😄

In Nepali, ""मारिया"" (Maria) is a common name, and ""थाइल्याण्ड"" (Thailand) is a country. So, ""मारिया थाइल्याण्ड मा बस्छ"" (Maria Thailand ma basch) means ""Maria lives in Thailand"".

Similarly, ""सोमचाई"" (Somchai) is a common Thai name, and ""ग्रीस"" (Greece) is a country. So, ""सोमचाई ग्रीस मा बस्छ"" (Somchai Greece ma basch) means",मारिया,Nepali,"The assistant's response is in a different language (Nepali) and partially aligns with the reference, but it does not directly answer the question. The assistant explains the meaning of the names and countries but fails to clearly state who lives in Thailand.

Rating: [[3]]"
मारिया थाइल्याण्ड मा बस्छ र सोमचाई ग्रीस मा बस्छ। ग्रीस मा को बस्छ?,"A clever question!

You're asking: ""Maria stays in Thailand and Somchai stays in Greece. Who stays in Greece?""

The answer is: मारिया (Maria) does not stay in Greece, सोमचाई (Somchai) does.",सोमचाई,Nepali,"The assistant's response is in the same language as the reference and aligns with the reference provided. The assistant correctly identifies that Somchai stays in Greece.

Rating: [[1]]"
मुस्तफा केन्या मा बस्छ र जिमोन टर्की मा बस्छ। केन्या मा को बस्छ?,"A nice question!

It seems like you're asking about the names ""Mustafa"" and ""Jimon"" and where they are from.

""Mustafa"" is a common given name in many countries, including Turkey, Pakistan, and some African countries. It's a Turkish name that means ""Chosen by God"".

""Jimon"" is not a common name in Turkey, but it's possible that it's a variant of the name ""Jimoh"", which is a common name in Kenya and other African countries.

As for ""Kenya"", it's a country located in East Africa. It's a popular tourist destination known for its",मुस्तफा,Nepali,"The assistant's response is in English and does not align with the reference provided. The assistant should have answered that Mustafa lives in Kenya, as per the question. 

Rating: [[4]]"
मुस्तफा केन्या मा बस्छ र जिमोन टर्की मा बस्छ। टर्की मा को बस्छ?,"A nice question!

It seems like you're asking about the names of the countries where Mustafa and Jimon are located.

Here are the answers:

* मुस्तफा केन्या मा बस्छ (Mustafa is in Kenya)
* जिमोन टर्की मा बस्छ (Jimon is in Turkey)
* टर्की मा को बस्छ (Who is in Turkey?)

So, it appears that Mustafa is in Kenya, Jimon is in Turkey, and you're asking who is in Turkey?",जिमोन,Nepali,"The assistant's response is in the same language as the reference and aligns with the reference. The assistant correctly identifies that Jimon is in Turkey, which is the answer to the question asked.

Rating: [[1]]"
मुस्तफा थाइल्याण्ड मा बस्छ र सोमचाई टर्की मा बस्छ। थाइल्याण्ड मा को बस्छ?,"A clever question! 😄

In Thai, ""मुस्तफा"" (Mustafa) is a common name, and ""थाइल्याण्ड"" (Thailand) is a country. So, it seems like you're asking ""Who is Mustafa in Thailand?""

And then you mention ""सोमचाई"" (Somchai), which is also a common Thai name, and ""टर्की"" (Turkey), which is a country. So, it seems like you're asking ""Who is Somchai in Turkey?""

To answer your question, Mustafa is a common name in Thailand, and Somchai is also a",मुस्तफा,Nepali,"The assistant's response is in a different language (English) and does not align with the reference provided. The assistant fails to answer the question directly and instead provides an explanation that is not relevant to the question asked.

Rating: [[4]]"
मुस्तफा थाइल्याण्ड मा बस्छ र सोमचाई टर्की मा बस्छ। टर्की मा को बस्छ?,"A clever question! 😄

मुस्तफा (Mustafa) is a common name in many countries, including Turkey. And सोमचाई (Somchai) is a common name in Thailand.

So, to answer your question:

* मुस्तफा (Mustafa) is a common name in Turkey, so it's likely that someone named Mustafa is living in Turkey.
* सोमचाई (Somchai) is a common name in Thailand, so it's likely that someone named Somchai is living in Thailand.

So, to summarize:

* मुस्तफा (Mustafa) is in Turkey",सोमचाई,Nepali,"The assistant's response is in the same language as the reference and aligns with the reference, but it provides unnecessary information and does not directly answer the question. However, since it does not contradict the reference and is in the correct language, it should be rated as follows:

Rating: [[1]]"
जिमोन थाइल्याण्ड मा बस्छ र सोमचाई केन्या मा बस्छ। थाइल्याण्ड मा को बस्छ?,"A Nepali question!

In the context of the sentence, ""जिमोन थाइल्याण्ड मा बस्छ र सोमचाई केन्या मा बस्छ"", it seems like you're asking who is going to Thailand and who is going to Kenya.

Here's a possible answer:

जिमोन थाइल्याण्ड मा बस्छ = Jimon is going to Thailand.
सोमचाई केन्या मा बस्छ = Somchai is going to Kenya.

So, Jimon is going to Thailand, and Somchai is going to Kenya.",जिमोन,Nepali,"The assistant's response is in a different language (English) but aligns with the reference provided. The assistant correctly identifies that Jimon is in Thailand and Somchai is in Kenya, which is consistent with the reference. However, the assistant should have provided the answer in the same language as the reference, which is Nepali.

Rating: [[3]]"
जिमोन थाइल्याण्ड मा बस्छ र सोमचाई केन्या मा बस्छ। केन्या मा को बस्छ?,"A clever question!

The answer is: सोमचाई (Somchai) is a Thai name, and Jimon is a Kenyan name. So, Jimon is in Thailand, and Somchai is in Kenya.",सोमचाई,Nepali,"The assistant's response is in a different language (English) but does not align with the reference provided. The assistant also incorrectly states the nationalities associated with the names, which is not part of the question. 

Rating: [[4]]"
